name, symbol, first_price_date
LIFE, LIFE, 2015-02-08 02
CreaRicco, CRERI, 2015-02-08 02
BitStake, XBS, NaN
ItalyFood, IFOOD, NaN
eSTERLING, ESTER, NaN
Schiphol, SCHIP, NaN
MegaCoins, MEGA, NaN
Dance, DANCE, NaN
Supercoin, SPR, 2015-03-13 14
Slovenia, SLOVE, 2015-03-13 14
Business, BUSIN, 2015-03-13 14
Fygy, FYGY, 2015-03-13 14
CleverHash, CHASH, 2014-10-24 19
GDJUL, GDJUL, 2015-06-25 05
AMINE, AMINE, 2015-06-25 05
Newspaper, NEWSP, 2015-06-25 05
XPH, XPH, 2015-06-13 05
GoldPieces, GP, 2015-02-07 12
PorkCoin, XPC, 2015-01-17 00
Pebblecoin, XPB, 2015-01-30 04
Taxes, TAXES, 2015-01-30 04
Paycoin, XPY, 2014-12-22 09
Tunes, TUNES, 2014-12-22 09
Gadget, GADGT, 2014-12-22 09
Bytecent, BYC, 2015-09-11 05
Nintendo, NINTE, 2015-09-11 05
Virtual, MONEY, 2015-09-11 05
Skywalker, SKYWA, 2015-09-11 05
MalibuCoin, MAL, 2014-11-20 13
BTCARace1, IOOOI, NaN
CRTV, CRTV, 2014-10-10 17
10kCoin, 10K, 2015-03-27 15
LightSpeed, LSD, 2014-10-08 07
Yokai, YOKAI, 2014-10-08 07
Guard, GUARD, 2014-10-08 07
CoinShield, CSD, 2015-01-25 03
FAutoRace, FAUTO, 2015-01-25 03
BTCEMBASSY, BEMB, 2015-01-25 03
NextBTC, NXBTC, 2015-01-25 03
Diamond, DIAMO, 2015-01-25 03
Counterpty, COUNT, 2015-01-25 03
KRONA, KRONA, 2015-01-25 03
GRT, GRT, 2015-05-16 02
Dirac, DIRAC, 2015-05-16 02
Glory, GLORY, 2015-05-16 02
PARIS, PARIS, 2015-05-16 02
Graph, GRAPH, 2015-05-16 02
GRF, GRF, 2015-08-06 22
Force, FORCE, 2015-08-06 22
GRM, GRM, 2015-06-29 04
Wenzhou, WENZH, 2015-06-29 04
NooCoin, NOO, 2015-06-06 03
Trekkies, TREKS, 2015-06-06 03
Trekker, TREKR, 2015-06-06 03
EventToken, EVENT, 2014-12-11 08
Altcoin, ALTCO, 2014-12-11 08
IOIOO, IOIOO, 2015-02-28 08
Nopecoin, NOPE, NaN
OpalCoin, OPAL, 2014-10-10 01
LearyCoin, LEARY, 2014-10-10 01
STADECOIN, STADE, 2014-10-10 01
Alcohol, ALCOH, 2014-10-10 01
SCUDO, SCUDO, 2014-10-10 01
SMILE, SMILE, 2014-10-10 01
CTO, CTO, 2015-05-15 12
Porsche, PORSC, 2015-05-15 12
DKKCoin, DKOIN, 2015-05-15 12
DORCS, DORCS, 2015-05-15 12
Gateway, GATES, 2015-05-15 12
Roulette, ROULE, 2015-05-15 12
MobiusCoin, MOBI, 2014-10-17 04
Tourncoin, TOURC, 2014-10-17 04
Gateways, GATEW, 2014-10-17 04
NXDVC, NXDVC, 2014-10-17 04
Tournament, TOURN, 2014-10-17 04
TerraLibre, TERRA, 2014-10-17 04
VegasCoins, VEGAS, 2014-10-17 04
Tablet, TABLE, 2014-10-17 04
SparkCoin, SPARK, 2014-10-21 00
Ghostcoin, GHOST, 2014-10-05 15
Cosmo, COSMO, 2014-10-05 15
GOODS, GOODS, 2014-10-05 15
ITALY, ITALY, 2014-10-05 15
GDAPR, GDAPR, 2015-03-27 01
UnitedStat, UNITE, 2015-03-27 01
ParallelPr, PPROC, 2015-03-27 01
LiteShares, LITES, 2015-03-27 01
Zhengzhou, ZHENG, 2015-03-27 01
AutismCoin, ATISM, 2015-03-27 01
LITEC, LITEC, 2015-03-27 01
Landcoin, LANDC, 2015-03-27 01
Acura, ACURA, 2015-03-27 01
EXCHANGE, OBMEN, 2015-03-27 01
BEARS, BEARS, 2015-03-27 01
WOCX, WOCX, 2015-04-26 17
Davidoff, DAVIF, 2015-04-26 17
CallofDuty, CALLD, 2015-04-26 17
SaudiArabi, SAUDI, 2015-04-26 17
PEER, PEER, 2015-04-26 17
Wikipedia, WIKIP, 2015-04-26 17
Wolverine, WOLVE, 2015-04-26 17
BOOBY, BOOBY, 2015-04-26 17
BOOBS, BOOBS, 2015-04-26 17
Nikon, NIKON, 2015-04-26 17
NASCAR, NASCR, 2015-04-26 17
Virus, VIRUS, 2015-04-26 17
Nimoy, NIMOY, 2015-04-26 17
alolcopter, ROTFL, 2015-04-26 17
pizza, PIZZA, 2015-04-26 17
LOANS, LOANS, 2015-04-26 17
UP, UP, 2014-11-17 22
WOULD, WOULD, 2014-11-17 22
WATERSYNER, WASYN, 2014-11-17 22
WonderWoma, WONDW, 2014-11-17 22
Ford, FORD, 2014-11-17 22
MUSIC, MUSIC, 2014-11-17 22
Smart, SMART, 2014-11-17 22
Mozilla, MOZIL, 2014-11-17 22
WALLE, WALLE, 2014-11-17 22
ScatterCoin, XSTC, 2014-10-23 08
Cheer, CHEER, 2014-10-23 08
CALI, CALI, 2014-10-23 08
Wallstreet, WALLS, 2014-10-23 08
BlackHat, BLKHT, 2014-10-23 08
Wallet, WALLT, 2014-10-23 08
SriLanka, SRILA, 2014-10-23 08
Quotient, XQN, 2014-11-13 20
Torrent, TORRT, 2014-11-13 20
rupee, RUPEE, 2014-11-13 20
Limit, LIMIT, 2014-11-13 20
Jaguar, JAGUA, 2014-11-13 20
CoinMarketsCoin, JBS, 2014-10-01 05
Rupees, RUPES, 2014-10-01 05
Raven, RAVEN, 2014-10-01 05
Heavy, HEAVY, 2014-10-01 05
PUTIN, PUTIN, 2014-10-01 05
Boost, BOOST, 2014-10-01 05
Dicethrow, DICET, 2014-10-01 05
Netflix, NFLIX, 2014-10-01 05
NXCTY, NXCTY, 2014-10-01 05
Hungary, HUNGA, 2014-10-01 05
Laptop, LAPTO, 2014-10-01 05
Swiss Franc, CHF, 2014-10-01 05
MRP, MRP, NaN
AliceCoins, ALICE, NaN
PLASTICSYN, PLSYN, NaN
Cairo, CAIRO, NaN
CUBA, CUBA, NaN
ZIN, ZIN, NaN
Minecraft, MINEC, NaN
Utilitycoin, UTIL, 2014-11-17 13
Montenegro, MONTE, 2014-11-17 13
Sukuk, SUKUK, 2014-11-17 13
Silver, AURUM, 2014-11-17 13
Peso, PESO, 2014-11-17 13
Honeycoin, HONEY, 2014-11-17 13
Afghanista, AFGHA, 2014-11-17 13
Montreal, MONTR, 2014-11-17 13
Family, FAMIL, 2014-11-17 13
Profit, PROFI, 2014-11-17 13
Horse, HORSE, 2014-11-17 13
Hangzhou, HANGZ, 2014-11-17 13
coins, COINS, 2014-11-17 13
CryptoCurr, CCURR, 2014-11-17 13
Turbo, TURBO, 2014-11-17 13
Shark, SHARK, 2014-11-17 13
Rasta, RASTA, 2014-11-17 13
CzechRepub, CZECH, 2014-11-17 13
Tumblr, TUMBL, 2014-11-17 13
SharedCoin, SHARC, 2014-11-17 13
FOOTY, FOOTY, 2014-11-17 13
TKT, TKT, 2015-05-08 00
XCPMRCAM, XCPMRCAM, 2015-04-03 07
ParallelCo, PCOMP, 2015-04-03 07
Latvia, LATVI, 2015-04-03 07
Superhero, SHERO, 2015-04-03 07
Chennai, CHENN, 2015-04-03 07
Warts, WARTS, 2015-04-03 07
Shadow, SHADW, 2015-04-03 07
MediaCoins, MEDIA, 2015-04-03 07
Medicine, MEDIC, 2015-04-03 07
VIZIO, VIZIO, 2015-04-03 07
munny, MUNNY, 2015-04-03 07
Munne, MUNNE, 2015-04-03 07
GCR, GCR, 2015-10-26 07
ShadeCoin, SHADE, 2014-10-10 22
Oxford, OXFOR, 2014-10-10 22
GLASGOW, GLASG, 2014-10-10 22
BitShares, BTS, 2015-06-05 13
XCE, XCE, 2015-06-11 21
BTX, BTX, 2015-05-05 22
BoriCoin, BORIC, 2015-05-05 22
GLASS, GLASS, 2015-05-05 22
BTA, BTA, 2015-05-12 21
Time, TIME, 2015-05-12 21
Kenya, KENYA, 2015-05-12 21
LTBnetwork, LTBNW, 2015-05-12 21
Credits, CRED, 2015-05-12 21
Guarany, GUA, 2014-11-13 13
Spots, SPOTS, 2014-11-13 13
MACDO, MACDO, 2014-11-13 13
FlirtCoin, FLIRT, 2014-11-25 17
ATOMIC Asset, ATOMIC, 2014-10-01 02
ResumeoShares, RMS, 2015-05-24 09
FrancC, FRFCR, 2015-05-24 09
Seoul, SEOUL, 2015-05-24 09
Indonesia, INDON, 2015-05-24 09
Kyoto, KYOTO, 2015-05-24 09
Stanford, STANF, 2015-05-24 09
Trade, TRADE, 2015-05-24 09
RMB, RMB, 2015-05-24 09
ADPAY, ADPAY, 2015-05-24 09
Trader, TRADR, 2015-05-24 09
UAEmirates, EMIRA, 2015-05-24 09
Click, CLICK, 2015-05-24 09
Shin, SHIN, 2015-05-24 09
DNAcoin, DNACO, 2015-05-24 09
Gawker, GAWKR, 2015-05-24 09
VPNco, VPNCO, 2015-05-24 09
Petersburg, STPET, 2015-05-24 09
Chanel, CHANE, 2015-05-24 09
Changsha, CHANG, 2015-05-24 09
PIECE, PIECE, 2015-05-24 09
Blender, BLEND, 2015-05-24 09
IronMan, IRONM, 2015-05-24 09
Payment, PAYMT, 2015-05-24 09
kabam, KABAM, 2015-05-24 09
Diablo, DIABL, 2015-05-24 09
Funds, FUNDS, 2015-05-24 09
Payments, PAYME, 2015-05-24 09
Speed, SPEED, 2015-05-24 09
bread, BREAD, 2015-05-24 09
Airport, AIRPO, 2015-05-24 09
AGRS, AGRS, 2015-11-10 01
NXTavos, TAVOS, 2015-11-10 01
GLEFU, GLEFU, 2015-11-10 01
Xiamen, XIAME, 2015-11-10 01
CYP, CYP, NaN
Isuzu, ISUZU, NaN
Powcoin, POW, 2014-10-01 06
CLK, CLK, 2015-01-21 19
FreeMarket Asset, MRKT, 2014-10-01 02
Clout, CLOUT, 2014-10-01 02
ButtShares, BUTTS, 2014-10-01 02
Adidas, ADIDA, 2014-10-01 02
Walmart, WALMT, 2014-10-01 02
Ninjacoin, NINJA, 2014-10-01 02
CLOUD, CLOUD, 2014-10-01 02
SYScoin, SYSCO, 2015-02-26 00
Craps, CRAPS, 2015-02-26 00
Secure, SECUR, 2015-02-26 00
TweetCoin, TWEET, 2015-02-26 00
Bytes, BYTES, 2015-02-26 00
VCN, VCN, 2015-05-26 13
DENAR, DENAR, 2015-05-26 13
penzlfund, PENZL, 2015-05-26 13
MoorCoin, MOCN, 2015-05-26 13
Taipei, TAIPE, 2015-05-26 13
NICE, NICE, 2015-05-26 13
Television, TELEV, 2015-05-26 13
Telephone, TELEP, 2015-05-26 13
PAY, PAY, 2015-03-17 15
SWARM, SWARM, 2014-10-01 00
Telegram, TELEG, 2014-10-01 00
Fanta, FANTA, 2014-10-01 00
Steal, STEAL, 2014-10-01 00
STEAM, STEAM, 2014-10-01 00
PornShares, PORNS, 2014-10-01 00
IBITS, IBITS, 2015-07-25 03
potch, POTCH, 2015-07-25 03
MANCHESTER, MANCH, 2015-07-25 03
Anonymity, ANONM, 2015-07-25 03
HONDA, HONDA, 2015-07-25 03
DCC, DCC, 2015-05-25 20
PERU, PERU, 2015-05-25 20
Armani, ARMAN, 2015-05-25 20
Anonymous, ANONY, 2015-05-25 20
Prize, PRIZE, 2015-05-25 20
Remote, REMOT, 2015-05-25 20
OmegaCoin, OMA, 2015-04-18 04
TOEIC, TOEIC, 2015-04-18 04
Chief, CHIEF, 2015-04-18 04
SIGU, SIGU, 2015-04-26 21
Alexandria, ALEXA, 2015-04-26 21
Reals, REALS, 2015-04-26 21
WHERE, WHERE, 2015-04-26 21
MINTS, MINTS, 2015-04-26 21
CAJAMARCA, CAJAM, 2015-04-26 21
BEAST, BEAST, 2015-04-26 21
PLCS, PLCS, 2014-12-18 22
XCPPENIS, XCPPENIS, 2014-10-14 01
NodeJS, NODJS, 2014-10-14 01
STEPS, STEPS, 2015-11-12 00
OBAMA, OBAMA, NaN
Lidl, LIDL, NaN
LPntsCnStr, LPCS, NaN
RIYAL, RIYAL, NaN
LARGE, LARGE, NaN
Zwave, ZWAVE, NaN
BOAT, BOAT, NaN
XDB, XDB, 2015-03-24 07
ACoin, ACOIN, 2014-10-10 15
Klingon, KLING, 2014-10-10 15
ADEPT, ADEPT, 2014-10-10 15
SCOUT, SCOUT, 2014-10-10 15
Samsung, SAMSG, 2014-10-10 15
Rifle, RIFLE, 2014-10-10 15
BUB, BUB, 2015-05-03 15
Comics, COMIC, 2015-05-03 15
School, SCHOO, 2015-05-03 15
Pfund, PFUND, 2015-05-03 15
Qbert, QBERT, 2015-05-03 15
Purdue, PURDU, 2015-05-03 15
Covert, COVRT, 2015-05-03 15
GUILL, GUILL, 2015-04-12 17
SUGAR, SUGAR, 2015-04-12 17
Peking, PEKIN, 2015-04-12 17
INPUT, INPUT, 2015-04-12 17
Taobao, TAOBA, 2015-04-12 17
PSN, PSN, 2015-05-22 11
AOOOI, AOOOI, 2015-05-28 14
SquareBit, SBIT, 2014-12-30 06
Osaka, OSAKA, 2014-12-30 06
iWatch, IWATC, 2014-12-30 06
Mobcoin, MOB, 2014-11-27 02
Islam, ISLAM, 2014-11-27 02
Ethic, ETHIC, 2014-11-27 02
AngryBirds, ANGRY, 2014-11-27 02
XCPSKUL, XCPSKUL, 2014-10-01 17
Bulgaria, BULGA, 2014-10-01 17
Chaos, CHAOS, 2014-10-01 17
BCY, BCY, 2015-10-08 09
EthereumDark, ETD, 2014-11-17 15
Aries, ARIES, 2014-11-17 15
ETH, ETH, 2015-08-13 02
256, 256, 2015-03-26 22
BitCredits, BCR, 2015-01-05 06
BitCent, BCENT, 2014-12-22 03
Cornell, CORNE, 2014-12-22 03
FreeCoin, BEATS, NaN
Twitter, TWITR, NaN
Leeds, LEEDS, NaN
MexicoCity, MEXCY, NaN
Infinite, INFNT, NaN
Razor, RAZOR, NaN
Trillion, TRILL, NaN
ENVOY, ENVOY, NaN
THOTH, THOTH, NaN
Brazil, BRAZI, NaN
CF, CF, 2015-04-20 05
IGOLD, IGOLD, 2015-04-20 05
COPPER, COPPR, 2015-04-20 05
Escrow, ESCRW, 2015-04-20 05
CP, CP, NaN
Saint, SAINT, NaN
LDOGE, LDOGE, 2015-03-20 12
Major, MAJOR, 2015-03-20 12
FlicheCoin, FLICH, 2015-03-20 12
bitui, BITUI, 2015-03-20 12
Belarus, BELAR, 2015-03-20 12
LTBcoin, LTBCO, 2015-03-20 12
Dhaka, DHAKA, 2015-03-20 12
Carribbean, CARIB, 2015-03-20 12
Woodcoin, LOG, 2015-03-04 23
CapeTown, CAPET, 2015-03-04 23
VARY, VARY, 2015-06-01 07
Moskva, MOSKV, 2015-06-01 07
Learn, LEARN, 2015-06-01 07
FACEBOOK, FBOOK, 2015-06-01 07
NOC, NOC, 2015-07-18 11
AXIOM, AXIOM, 2015-08-14 08
Supergirl, SGIRL, 2015-08-14 08
Dicegame, DICEG, 2015-08-14 08
SKUNK, SKUNK, 2015-08-14 08
Luxembourg, LUXEM, 2015-08-14 08
TWTR, TWTR, 2015-08-14 08
DIBS, DIBS, 2015-06-26 08
BTAPR, BTAPR, 2015-04-03 01
Orion, ORION, 2015-04-03 01
Diceroll, DICER, 2015-04-03 01
Prophet, PROPH, 2015-04-03 01
Nepal, NEPAL, 2015-04-03 01
Kone, KONE, 2015-04-03 01
HTMLcoin, HTML5, 2014-12-19 23
NdsMark, NDSMK, 2014-12-19 23
huobi, HUOBI, 2014-12-19 23
Samoa, SAMOA, 2014-12-19 23
Hellcoin, HLC, 2014-11-18 01
LGBTQ, LGBTQ, 2015-10-29 15
MSBTC, MSBTC, NaN
Focus, FOCUS, NaN
McDonalds, MCDON, NaN
DarkWallet, DWALL, NaN
Tianjin, TIANJ, NaN
Pepsi, PEPSI, NaN
EBS, EBS, 2015-02-21 17
Mumbai, MUMBA, 2015-02-21 17
Ukraine, UKRAI, 2015-02-21 17
DRZ, DRZ, NaN
WHICH, WHICH, NaN
EKN, EKN, 2015-04-10 17
Caviar, CAVIA, 2015-04-10 17
Frankfurt, FRANF, 2015-04-10 17
Romania, ROMAN, 2015-04-10 17
Barter, BARTR, 2015-04-10 17
Future, FUTUR, 2015-04-10 17
Minute, MINUT, 2015-04-10 17
COLMIC, COLMIC, 2014-10-15 20
DRACHTEST, DRACT, 2014-10-15 20
Sweet, SWEET, 2014-10-15 20
LatinoCoin, LATCO, 2014-10-15 20
Sweepstake, SWEEP, 2014-10-15 20
INSTANTDEX, ISDEX, 2014-10-15 20
Pirate, PIRAT, 2014-10-15 20
Celebrity, CELEB, 2014-10-15 20
Unitus, UIS, 2014-12-29 19
LIKES, LIKES, 2014-12-29 19
SlotsCoins, SLOTS, 2014-12-29 19
Drachmae, DRACH, 2014-12-29 19
Conceal, CONCE, 2014-12-29 19
Foshan, FOSHA, 2014-12-29 19
WolfXcoin, WOLFX, 2014-12-29 19
NANAS, NANAS, 2015-06-10 22
Kiss, KISS, 2015-06-10 22
Ethernet, ETNET, 2015-06-10 22
Gaming, GMING, 2015-06-10 22
Elements, ELEMS, 2015-02-11 10
Galaxy, GALAX, 2015-02-11 10
Lagos, LAGOS, 2015-02-11 10
Liverpool, LIVER, 2015-02-11 10
CLAIM, CLAIM, 2015-02-11 10
KualaLumpu, KUALA, 2015-02-11 10
xcoin, XCOIN, 2015-02-11 10
Simoleon, SIMOL, 2015-02-11 10
DUBLIN, DUBLI, 2015-02-11 10
 DOGE,  DOGE, NaN
GAMES, GAMES, NaN
GAMER, GAMER, NaN
METALSYNER, MESYN, NaN
Viorcoin, VIOR, 2014-11-20 05
GameX, GAMEX, 2015-06-08 12
Search, SEARC, 2015-06-08 12
Jumble, JUMBL, 2015-06-08 12
Moscow, MSCOW, 2015-06-08 12
Maserati, MASER, 2015-06-08 12
FRANK, FRANK, 2015-06-08 12
Reward, REWRD, 2015-06-08 12
Athens, ATHEN, 2015-06-08 12
Swagg, SWAGG, 2015-06-08 12
Arcade, ARCAD, 2015-06-08 12
CheckOutCoin, CXC, 2014-12-09 07
PTY, PTY, 2015-02-22 22
SKYPE, SKYPE, 2015-02-22 22
ether, ETHER, 2015-02-22 22
Litecoin, LTCXX, 2015-02-22 22
Galactic, GALAC, 2015-02-22 22
LVNTA, LVNTA, 2015-02-22 22
FFootball, FFOOT, 2015-02-22 22
SciFi, SCIFI, 2015-02-22 22
Cplus, CPLUS, 2015-02-22 22
FCT, FCT, 2015-10-08 05
ZIRK, ZIRK, 2015-03-24 08
STENA, STENA, 2015-03-24 08
Sensor, SENSR, 2015-03-24 08
Digit, DIGIT, 2015-03-24 08
DigiSilver, DIGIS, 2015-03-24 08
Jackpot, JACKP, 2015-03-24 08
Thing, THING, 2015-03-24 08
AutoRacing, AUTOR, 2015-03-24 08
Autos, AUTOS, 2015-03-24 08
SENSE, SENSE, 2015-03-24 08
chips, CHIPS, 2015-03-24 08
DeepNet, DEEPN, 2015-03-24 08
Tether, USDT, 2015-02-17 08
DopeCoinV3, DOPEV3, 2014-11-13 10
XCPSJCX, XCPSJCX, 2014-10-13 03
Jl777, JAMES, 2014-10-13 03
Basketball, BASKB, 2014-10-13 03
PoolStamp, XSP, 2015-01-04 22
Kolkata, KOLKA, 2015-01-04 22
GAME, GAME, 2015-01-04 22
SUP, SUP, 2015-02-20 20
forgecoin, FORGE, 2015-02-20 20
Grexit, GRXIT, 2015-02-20 20
SlvrDollar, SLVRD, 2015-02-20 20
Optic, OPTIC, 2015-02-20 20
Optimus, OPTIM, 2015-02-20 20
Gems, GEMZ, 2015-01-11 17
Bacon, BACON, 2015-01-11 17
Nubits, NBT, 2015-08-12 04
Bitti, BITTI, 2015-08-12 04
_SMBR, _SMBR, 2014-10-13 17
Casino, CASIN, 2014-10-13 17
YouxiCoins, YOUXI, 2014-10-13 17
BITTN, BITTN, 2014-10-13 17
Nigeria, NIGER, 2014-10-13 17
Tetcoin, TET, 2014-11-17 17
Motel, MOTEL, 2014-11-17 17
GMAIL, GMAIL, 2014-11-17 17
core, CORE, 2014-11-17 17
CorgiCoin, CORG, 2014-10-02 15
Admin, ADMIN, 2014-10-02 15
Berkeley, BERKE, 2014-10-02 15
TimHeath, HEATH, 2014-10-02 15
Hellboy, HELLB, 2014-10-02 15
ADC, ADC, 2015-06-08 15
BitShares DNS, DNS, 2014-10-16 15
MERCADO, MERCA, 2014-10-16 15
CDIST, CDIST, 2014-10-16 15
Hello, HELLO, 2014-10-16 15
Techno, TECNO, 2014-10-16 15
CIRC, CIRC, 2015-08-13 22
CebuCity, CEBUC, 2015-08-13 22
MetalWars, MWARS, 2015-08-13 22
Scrolls, SCROL, 2015-08-13 22
Entity, ENTIX, 2015-08-13 22
RokieCoin, ROKIE, 2015-08-13 22
KoolioCoin, KOOL, 2014-10-01 08
Obfuscate, OBFUS, 2014-10-01 08
VirtualCoin, VCOIN, NaN
Loyal, LOYAL, NaN
Helpcoin, HELPS, 2015-07-23 12
Kappa, KAPPA, 2015-07-23 12
Login, LOGIN, 2015-07-23 12
Emule, EMULE, 2015-07-23 12
Giftcard, GIFTC, 2015-07-23 12
LANIX, LANIX, 2015-07-23 12
Angel, ANGEL, 2015-07-23 12
ETickets, ETICK, 2015-07-23 12
GiftsCoins, GIFTS, 2015-07-23 12
Washington, WASHI, 2015-07-23 12
Blocknet shares, BLOCK, 2014-10-29 09
Traffic, TRAFF, 2014-10-29 09
Cycle, CYCLE, 2014-10-29 09
Exxon, EXXON, 2014-10-29 09
TRON, TRON, 2015-05-03 00
Annuity, ANNUI, 2015-05-03 00
MetalCoin, METAL, 2014-12-08 14
VALUE, VALUE, 2014-12-08 14
JINNLABS, JINNS, 2014-12-08 14
Valut, VALUT, 2014-12-08 14
POUND, POUND, 2014-12-08 14
ArtifIntel, AINTE, 2014-12-08 14
Fuego, FUEGO, 2014-12-08 14
leater, LEEET, 2014-12-08 14
Genre, GENRE, 2014-12-08 14
SouthPark, STHPK, 2014-12-08 14
Lithuania, LITHU, 2014-12-08 14
Scramble, SCRAM, 2014-12-08 14
Pledge, PLEDG, 2014-12-08 14
VIMEO, VIMEO, 2014-12-08 14
Cartier, CARTI, 2014-12-08 14
Pakistan, PAKIS, 2014-12-08 14
BOATS, BOATS, 2014-12-08 14
INTEL, INTEL, 2014-12-08 14
WhiteHat, WHTHT, 2014-12-08 14
CROWD, CROWD, 2014-12-08 14
Default, SHAME, 2014-12-08 14
MILFSHARES, MILFS, 2014-12-08 14
crown, CROWN, 2014-12-08 14
ZLOTY, ZLOTY, 2014-12-08 14
Santa, SANTA, 2014-12-08 14
Santiago, SANTI, 2014-12-08 14
Croatia, CROAT, 2014-12-08 14
SanFrancis, SANFR, 2014-12-08 14
FIC, FIC, 2015-07-07 15
Rahaa, RAHAA, 2015-07-07 15
Satellite, SATEL, 2015-07-07 15
FIMKrypto, FIMK, 2015-06-05 13
LeaseCoins, LEASE, 2015-06-05 13
Bullion, PLATA, 2015-06-05 13
Cubic, CUBIC, 2015-06-05 13
PLATINUM, PLATI, 2015-06-05 13
cubit, CUBIT, 2015-06-05 13
Dongguan, DONGG, 2015-06-05 13
Metropolis, CREDS, 2015-06-05 13
Hexagon, HEXAG, 2015-06-05 13
Rings, RINGS, 2015-06-05 13
YouTube, YTUBE, 2015-06-05 13
Ringo, RINGO, 2015-06-05 13
M1, M1, 2015-05-13 23
URO Dark, UROD, NaN
Internet, INTER, NaN
Vakio, VAKIO, NaN
Cents, CENTS, NaN
AnalShares, ANALS, NaN
Quebec, QUEBE, NaN
LiteCoins, LITE, NaN
Hardware, HARDW, NaN
Gamecash, GCASH, NaN
Cyprus, CYPRU, NaN
Union, UNION, NaN
qubic, QUBIC, NaN
Clown, CLOWN, NaN
Denmark, DENMA, NaN
Chicago, CHICA, NaN
Dashcoin, DSH, 2015-07-08 16
BTCARaurum, GDCAR, 2015-02-08 22
Networks, NETWK, 2015-02-08 22
NEXON, NEXON, 2015-02-08 22
DarkShibe, DSB, 2014-11-17 11
WIPRO, WIPRO, 2014-11-17 11
lucipher, LUCII, 2014-11-17 11
Consolidated Mining, MN, 2014-11-17 11
Sidechain, SIDEC, 2014-11-17 11
INR, INR, 2014-11-17 11
Huawei, HUAWE, 2014-11-17 11
Sweden, SWEDE, 2014-11-17 11
Morocco, MOROC, 2014-11-17 11
REAL, REAL, 2014-11-17 11
Warez, WAREZ, 2014-11-17 11
STNLC, STNLC, 2015-02-10 10
GolfShares, GOLFS, 2015-02-10 10
TheLottery, LTTRY, 2015-02-10 10
Groupon, GRPON, 2015-02-10 10
Excel, EXCEL, 2015-02-10 10
Sachsen, SACHS, 2015-02-10 10
SQOIN, SQOIN, 2015-02-10 10
UnitedKing, UKING, 2015-02-10 10
DOX, DOX, 2015-04-29 06
StarTrek, STREK, 2015-04-29 06
GreenLante, GLANT, 2015-04-29 06
Latin, LATIN, 2015-04-29 06
Streaming, STREM, 2015-04-29 06
FBcoin V2, XFB, 2015-02-15 15
ZOOM, ZOOM, 2015-07-14 05
Greenland, GLAND, 2015-07-14 05
MegaCoinX, MECX, 2015-08-12 08
CRANK, CRANK, 2015-08-12 08
LEIDEN, LEIDS, 2015-08-12 08
FILES, FILES, 2015-08-12 08
ExtractCoin, XTR, 2015-02-03 02
XTP, XTP, 2015-05-02 22
YuGiOh, YUGIO, 2015-05-02 22
TileCoin, XTC, 2015-01-05 18
Dailycoin, DAILY, 2015-01-05 18
NuBits, XNBT, NaN
QuitDough, QUIT, 2015-01-29 17
Pinterest, PINTR, 2015-01-29 17
XCPXBNX, XCPXBNX, 2014-10-23 05
OSAMA, OSAMA, 2014-10-23 05
MSCNH, MSCNH, 2014-10-23 05
POWER, POWER, 2014-10-23 05
COL-BITCOINVESTMENT, COLBCINV, 2014-12-03 23
Cannabiscoin, CAN, 2015-01-06 05
OMNI, OMNI, 2015-11-03 21
Wireless, WRLSS, 2015-11-03 21
BitBay, BAY, 2015-04-14 14
BADcoin, BAD, 2014-11-06 00
Quant, QUANT, 2014-11-06 00
SHND, SHND, 2015-10-29 15
Hobby, HOBBY, 2015-10-29 15
Quanzhou, QUANZ, 2015-10-29 15
ROBIN, ROBIN, 2015-10-29 15
BonusCoins, BONUS, 2015-10-29 15
GDMAY, GDMAY, 2015-05-02 02
SolarFarm Asset, CELL, 2015-02-13 14
TESTGPU5, TSTGS, 2015-02-13 14
Champ, CHAMP, 2015-02-13 14
VPNCoin, VPN, 2015-07-20 21
Devil, DEVIL, 2015-07-20 21
StableCoin, STB, NaN
DropBox, DRPBX, NaN
Hodl, HODL, NaN
STK, STK, 2015-02-04 18
Trinary, TRINA, 2015-02-04 18
MPESO, MPESO, 2015-02-04 18
Flame, FLAME, 2015-02-04 18
Rewards, REWAR, 2015-02-04 18
MSUSD, MSUSD, 2015-02-04 18
BIRST, BIRST, 2015-02-04 18
TOBIcoin, TOBI, 2015-02-04 18
MPESA, MPESA, 2015-02-04 18
OreMountns, OREMO, 2015-02-04 18
Omena, OMENA, 2015-02-04 18
HongKong, HONGK, 2015-02-04 18
iXBT, IXBT, 2015-02-04 18
EDGE, EDGE, 2015-06-11 22
scoin, SCOIN, 2015-06-11 22
Buick, BUICK, 2015-06-11 22
SOOOI, SOOOI, 2015-02-25 14
GENE, GENE, 2015-06-24 14
Overstock, OVERS, 2015-06-24 14
CUPON, CUPON, 2015-06-24 14
Nerdmoney, NERDM, 2015-06-24 14
XCPMAR, XCPMAR, 2015-02-19 15
Royal, ROYAL, 2015-02-19 15
FXCTest1, FXCTA, 2015-02-19 15
HAP, HAP, 2015-07-13 16
Agates, AGATE, 2015-06-16 15
Gigabit, GIGAB, 2015-06-16 15
QuantumCom, QCOMP, 2015-06-16 15
Offercoin, OFFER, 2015-06-16 15
Cyborg, CYBOR, 2015-06-16 15
Boxing, PUNCH, 2015-06-16 15
Iliad, ILIAD, 2015-06-16 15
Cetuscoin, CETI, 2014-12-10 01
NAMES, NAMES, 2014-12-10 01
WorldTradeFunds, WTF, 2014-11-17 11
Nescafe, NCAFE, 2014-11-17 11
Tufts, TUFTS, 2014-11-17 11
Templecoin , TPC, 2014-10-09 23
Helsinki, HELSI, 2014-10-09 23
TPL, TPL, 2014-10-01 06
Kickstart, KICKS, 2014-10-01 06
CryptoFiat, CFIAT, 2014-10-01 06
Night, NIGHT, 2014-10-01 06
Hamburg, HAMBU, 2014-10-01 06
FRANC, FRANC, 2014-10-01 06
Wisecoin, WISE, 2014-10-05 02
Trump, TRUMP, 2014-10-05 02
PASTE, PASTE, 2014-10-05 02
Spock, SPOCK, 2014-10-05 02
Manila, MANIL, 2014-10-05 02
PENIS, PENIS, 2014-10-05 02
NIRO, NIRO, 2015-04-22 19
Security, SCRTY, 2015-04-22 19
Occupy, OCCUP, 2015-04-22 19
COLBOOKC, COLBOOKC, 2015-04-02 23
Rhine, RHINE, 2015-04-02 23
BCEAO, BCEAO, 2015-04-02 23
Database, DATAB, 2015-04-02 23
Giftcards, GCARD, 2015-04-02 23
SWING, SWING, 2015-10-08 12
FinalFanta, FINAL, 2015-10-08 12
TX, TX, 2015-09-04 00
Grass, GRASS, 2015-09-04 00
SLING, SLING, 2015-04-20 00
NXAPP, NXAPP, 2015-04-20 00
JESUS, JESUS, 2015-04-20 00
Eddie, EDDIE, 2015-04-20 00
Quest, QUEST, 2015-04-20 00
Eight, EIGHT, 2015-04-20 00
Slovakia, SLOVA, 2015-04-20 00
BEADS, BEADS, 2015-04-20 00
Taiwan, TAIWA, 2015-04-20 00
Maidsafe, MAIDS, 2015-04-20 00
DogeBlackCoin, DOGEB, 2014-11-20 07
Virgo, VIRGO, 2014-11-20 07
GreyHat, GRYHT, 2014-11-20 07
Venus, VENUS, 2014-11-20 07
DogeCoinS, DOGES, 2014-11-20 07
Satphone, SATPH, 2014-11-20 07
Capital, CAPIT, 2014-11-20 07
nxtSilver, SILVR, 2015-03-08 20
Czarcoin, CZR, 2015-01-21 08
Creditcard, CCARD, 2015-01-21 08
Artificial, ARTIF, 2015-01-21 08
Liberland, FRLIB, 2015-01-21 08
Ubuntu, BUNTU, 2015-01-21 08
SouthKorea, SKORE, 2015-01-21 08
XCPCAY, XCPCAY, 2015-02-20 13
MetalMusicCoin , MTLMC, 2015-02-27 09
Athena, ZYXWV, 2015-02-27 09
Chengdu, CHENG, 2015-02-27 09
ISL, ISL, 2015-06-07 09
AbuDhabi, ABUDH, 2015-06-07 09
XCP-TAXICOIN, XCPTAXI, 2014-10-18 13
LIBYA, LIBYA, 2014-10-18 13
Seaport, SEAPO, 2014-10-18 13
KRAZYKOIN, KRAZY, 2014-10-18 13
Shape, SHAPE, 2014-10-18 13
AGENT, AGENT, 2014-10-18 13
Brain, BRAIN, 2014-10-18 13
SED, SED, 2015-06-01 23
ScarceCoin, SEC, 2014-12-27 04
Skyrim, SKYRM, 2014-12-27 04
Furry, FURRY, 2014-12-27 04
World, WORLD, 2014-12-27 04
Grace, GRACE, 2014-12-27 04
Proxy, PROXY, 2014-12-27 04
GoldCoin, GOLDC, 2014-12-27 04
GoldBars, GOLDB, 2014-12-27 04
IMC, IMC, 2014-10-02 10
FriendshipCoin2, FSC2, 2015-01-22 23
GoldDollar, GOLDD, 2015-01-22 23
 LTC,  LTC, NaN
GoldMoney, GOLDM, NaN
GOLDS, GOLDS, NaN
Viper, VIPER, NaN
Nemesis, NEMES, NaN
CLV, CLV, 2015-05-27 14
Info, INFO, 2015-05-27 14
clams, CLAMS, 2015-05-27 14
GranTurism, GTURI, 2015-05-27 14
ZeroVert, ZER, 2014-11-17 11
CLAMB, CLAMB, 2014-11-17 11
CHINA, CHINA, 2014-11-17 11
solar, SOLAR, 2014-11-17 11
MySQL, MYSQL, 2014-11-17 11
LEXUS, LEXUS, 2014-11-17 11
Romulan, ROMUL, 2014-11-17 11
TOEFL, TOEFL, 2014-11-17 11
AOPEN, AOPEN, 2014-11-17 11
ForexCoins, FOREX, 2014-11-17 11
Neuron, NEURO, 2014-11-17 11
NeuralNet, NEURN, 2014-11-17 11
TORonion, TORON, 2014-11-17 11
Shift, SHIFT, 2014-11-17 11
Neural, NEURA, 2014-11-17 11
Clubnxtfor, CNTIP, 2014-11-17 11
VOXEL, VOXEL, 2014-11-17 11
Sales, SALES, 2014-11-17 11
Trial01, TRIAL, 2014-11-17 11
Beijing, BEIJI, 2014-11-17 11
Triangle, TRIAN, 2014-11-17 11
BKcoin, BKOIN, 2014-11-17 11
Triad, TRIAD, 2014-11-17 11
Obscure, OBSCR, 2014-11-17 11
DarkSwift, DS, 2014-12-13 22
DigitalPrice, DP, 2014-11-19 18
Druidcloak, DRUID, 2014-11-19 18
Juice, JUICE, 2014-11-19 18
Vidio, VIDIO, 2014-11-19 18
Baghdad, BAGHD, 2014-11-19 18
Sterling, STERL, 2014-11-19 18
Symbol, SYMBL, 2014-11-19 18
Tryte, TRYTE, 2014-11-19 18
DeepSpace, DEEPS, 2014-11-19 18
DeepWeb, DEEPW, 2014-11-19 18
Times, TIMES, 2014-11-19 18
zenny, ZENNY, 2014-11-19 18
TEETH, TEETH, 2015-05-04 20
Fyrkka, FYFFE, 2015-05-04 20
Kribi, KRIBI, 2015-05-04 20
Fixed, FIXED, 2015-05-04 20
SilverBars, SLVRB, 2015-05-04 20
SilverCoin, SLVRC, 2015-05-04 20
MacleodCap, MCLD, 2015-05-04 20
Script, SCRIP, 2015-05-04 20
Boozecoin, BOOZE, 2015-05-04 20
HireCrypto, HIREC, 2015-05-04 20
ADULT, ADULT, 2015-05-04 20
Sampo, SAMPO, 2015-05-04 20
NewZealand, NEWZE, 2015-05-04 20
BARR, BARR, 2015-05-04 20
Superbowl, SBOWL, 2015-05-04 20
xcube, XCUBE, 2015-05-04 20
SOUTH, SOUTH, 2015-05-04 20
Crash, CRASH, 2015-05-04 20
jinbi, JINBI, 2015-05-04 20
Destiny, DESTI, 2015-05-04 20
Futurama, FRAMA, 2015-05-04 20
Mercedes, MERCE, 2015-05-04 20
LTBcoin, LTBC, 2014-10-01 02
HAMCOIN, HAMCO, 2014-10-01 02
Hedge, HEDGE, 2014-10-01 02
MinersCoin, MIC, 2014-12-04 18
RISK, RISK, 2015-05-17 18
Level, LEVEL, 2015-05-17 18
Suomi, SUOMI, 2015-05-17 18
Forty, FORTY, 2015-05-17 18
Madrid, MADRD, 2015-05-17 18
EQM, EQM, 2015-05-19 20
Posti, POSTI, 2015-05-19 20
Enterprise, ENTER, 2015-05-19 20
zcoin, ZCOIN, 2015-05-19 20
BluntCoin, BLUNT, 2014-12-05 01
GEEKS, GEEKS, 2014-12-05 01
AFTER, AFTER, 2014-12-05 01
Skynet, SKYNT, 2014-12-05 01
SPEC, SPEC, 2015-08-11 23
Spirit, SPIRI, 2015-08-11 23
Emercoin, EMC, 2014-10-01 14
COLDDU, COLDDU, 2015-01-22 13
notes, NOTES, 2015-01-22 13
UNLEA, UNLEA, 2015-03-07 09
IconICX, ICNX, 2014-10-30 07
Auckland, AUCKL, 2014-10-30 07
BOARD, BOARD, 2014-12-03 10
Venture, VENTR, 2014-12-03 10
MIS, MIS, 2015-02-08 09
Fiat, FIAT, 2015-02-08 09
EAGLE, EAGLE, 2015-02-08 09
CNYNXT, CNYNX, 2015-02-08 09
Radar, RADAR, 2015-02-08 09
Hefei, HEFEI, 2015-02-08 09
Durban, DURBA, 2015-02-08 09
HOMER, HOMER, 2015-02-08 09
PRE, PRE, 2015-05-23 07
Cardgame, CARDG, 2015-05-23 07
GanjaCoin, GANJA, 2014-11-18 12
CARDS, CARDS, 2014-11-18 12
TODAY, TODAY, 2014-11-18 12
SMACCoin, SMAC, 2015-02-19 01
BirdCoin, BRD, 2014-10-09 16
NXTBCOIN, TXNCB, 2014-10-09 16
Bands, BANDS, 2014-10-09 16
Donate, DONAT, 2014-10-09 16
SanDiego, SANDI, 2014-10-09 16
Bandung, BANDU, 2014-10-09 16
Instagram, INSTG, 2014-10-09 16
INSTA, INSTA, 2014-10-09 16
WorldWideCoin, WWC, 2014-10-10 15
Dollar, DLLAR, 2014-10-10 15
Matrix, MATRX, 2014-10-10 15
PAPERSYNER, PASYN, 2014-10-10 15
COV, COV, 2015-04-20 21
THESE, THESE, 2015-04-20 21
chip, CHIP, 2015-04-20 21
Lenovo, LENOV, 2015-04-20 21
TelAviv, TELAV, 2015-04-20 21
PenCoin, PEN, 2015-02-18 18
TIMcoin, XTIM, 2015-02-18 18
Adobe, ADOBE, 2015-02-18 18
Kebab, KEBAB, 2015-02-18 18
OZEAN, OZEAN, 2015-02-18 18
LAPAZ, LAPAZ, 2015-02-18 18
Oracle, ORACL, 2015-02-18 18
XEROX, XEROX, 2015-02-18 18
Tiger, TIGER, 2015-02-18 18
Lunch, LUNCH, 2015-02-18 18
Website, WEBSI, 2015-02-18 18
LIRA, LIRA, 2015-02-18 18
Private, PRIVT, 2015-02-18 18
Winkler, WNKLR, 2015-02-18 18
DINERO, DINER, 2015-02-18 18
Carat, CARAT, 2015-02-18 18
Equal, EQUAL, 2015-02-18 18
IIIIIIIIII, IIIII, 2015-02-18 18
Stuff, STUFF, 2015-02-18 18
SIKA, SIKA, 2015-02-18 18
yuan, YUAN, 2015-02-18 18
California, CALIF, 2015-02-18 18
GrowCoin, GROW, 2014-12-08 05
Cannacoin, CANNA, 2014-12-08 05
Cannabis, CANNB, 2014-12-08 05
Norway, NORWA, 2014-12-08 05
SNRG, SNRG, 2015-05-27 02
incognito, IGNCO, 2015-03-07 14
Vittu, VITTU, 2015-03-07 14
Palladium, PALLD, 2015-03-07 14
Owner, OWNER, 2015-03-07 14
RETRO, RETRO, 2015-03-07 14
Diode, DIO, 2014-11-21 20
COLMAZN, COLMAZN, 2014-12-10 08
Girls, GIRLS, 2014-12-10 08
Rubis, RUBIS, 2014-12-10 08
CRIME, CRIME, 2014-12-10 08
RUBIN, RUBIN, 2015-05-04 14
Server, SERVR, 2015-05-04 14
Rubies, RUBIE, 2015-05-04 14
Berlin, BERLI, 2015-05-04 14
PROOF, PROOF, 2015-05-04 14
Invest, INVST, 2015-05-04 14
NSC, NSC, 2015-08-23 17
Kiosk, KIOSK, 2015-08-23 17
SHF, SHF, 2015-09-17 05
DogeGoreCoin, DGORE, 2015-05-02 04
Oasis, OASIS, 2015-05-02 04
Fruit, FRUIT, 2015-05-02 04
REBEL, REBEL, 2015-05-02 04
NuShares, NSR, 2015-01-25 13
Olympia, OLYMP, 2015-01-25 13
STARCOINS, STRCO, 2015-01-25 13
Starcoin, STRCN, 2015-03-03 03
Dubai, DUBAI, 2015-03-03 03
Alibaba, ABABA, 2015-03-03 03
Miner, MINER, 2015-03-03 03
XVI, XVI, 2015-06-17 06
Pangea, PANG, 2015-06-17 06
IRCoin, IRC, 2015-02-15 14
WHATSAPP, WSAPP, 2015-02-15 14
SHOES, SHOES, 2015-02-15 14
camel, CAMEL, 2015-02-15 14
Vienna, VIENN, 2015-02-15 14
ShuffleIt, SHUFL, 2015-02-15 14
CptAmerica, CAMER, 2015-02-15 14
Shuffling, SHUFF, 2015-02-15 14
Ahmedabad, AHMED, 2015-02-15 14
EPY, EPY, 2015-05-16 09
Snapchat, SCHAT, 2015-05-16 09
ROBOT, ROBOT, 2015-05-16 09
FedEx, FEDEX, 2015-05-16 09
Rouble, ROUBL, 2015-05-16 09
TRBO, TRBO, 2015-10-29 15
Treat, TREAT, 2015-10-29 15
Saxony, SAXON, 2015-10-29 15
XFUND, XFUND, 2015-10-29 15
Drawing, DRAWG, 2015-10-29 15
EPC, EPC, 2015-05-25 19
Texas, TEXAS, 2015-05-25 19
FXAPR, FXAPR, 2015-03-27 01
Synapse, SYNAP, 2015-03-27 01
LYB, LYB, 2015-06-03 09
DUNND, DUUND, 2015-06-03 09
Troll, TROLL, 2015-06-03 09
Yandex, YANDX, 2015-06-03 09
ILM, ILM, 2015-06-11 07
BITPAY, BTPAY, 2015-06-11 07
SONIC, SONIC, 2015-06-11 07
Opera, OPERA, 2015-06-11 07
SafeCoins, SAFE, 2015-06-11 07
TheHulk, HULKK, 2015-06-11 07
Jaipur, JAIPU, 2015-06-11 07
GRAND, GRAND, 2015-06-11 07
Comet, COMET, 2015-06-11 07
Ultra, ULTRA, 2015-06-11 07
EmailCoins, EMAIL, 2015-06-11 07
Shows, SHOWS, 2015-06-11 07
lamda, LAMDA, 2015-06-11 07
BAGIS, BAGIS, 2015-06-11 07
ILT, ILT, 2015-03-14 11
Cyber, CYBER, 2015-03-14 11
TEURO, TEURO, 2015-03-14 11
Stone, STONE, 2015-03-14 11
Laser, LASER, 2015-03-14 11
Auction, AUCTI, 2015-03-14 11
Alarm, ALARM, 2015-03-14 11
SembroToken, SMBR, 2014-10-24 05
dawkins, DWKNS, 2014-10-24 05
Credit, CRDTS, 2014-10-24 05
XCPWS, XCPWS, 2015-01-07 04
burdekin, AYRAU, 2015-01-07 04
Sigma, SIGMA, 2015-01-07 04
FindYou, FIND, 2014-12-31 14
VidioShare, VDO, 2014-11-19 00
Iceland, ICELA, 2014-11-19 00
baozi, BAOZI, 2014-11-19 00
Insurance, INSUR, 2014-11-19 00
ResidentEv, REVIL, 2014-11-19 00
Color, COLOR, 2014-11-19 00
NOKIA, NOKIA, 2014-11-19 00
Asics, ASICS, 2014-11-19 00
EMUSK, EMUSK, 2014-11-19 00
Jouer, JOUER, 2014-11-19 00
Colombia, COLOM, 2014-11-19 00
Import, IMPOR, 2014-11-19 00
Tehran, TEHRA, 2014-11-19 00
Sheepcoin, SHEEP, 2014-11-19 00
MacOS, MACOS, 2014-11-19 00
Yokohama, YOKOH, 2014-11-19 00
Paraguay, PARAG, 2014-11-19 00
Paramaribo, PARAM, 2014-11-19 00
Parallel, PARAL, 2014-11-19 00
Turkey, TURKE, 2014-11-19 00
America, AMERI, 2014-11-19 00
Servers, SRVRS, 2014-11-19 00
Place, PLACE, 2014-11-19 00
Amero, AMERO, 2014-11-19 00
Cyberspace, CYBSP, 2014-11-19 00
HADESCOIN, HADES, 2014-11-19 00
QuarkCoin, QUARK, 2014-11-19 00
Cocoa, COCOA, 2014-11-19 00
ElderScrol, ELDER, 2014-11-19 00
FSports, FSPOR, 2014-11-19 00
Australia, XEAUD, 2014-11-19 00
LitecoinDark, LTCD, 2014-10-09 00
OcupyCoin, OCUPY, 2014-11-17 16
Philippine, PHILI, 2014-11-17 16
Espana, ESPAN, 2014-11-17 16
NXTInspect, NXTI, 2014-10-07 05
Vulcan, VULCA, 2014-10-07 05
Baseball, BASEB, 2014-10-07 05
SVAUG, SVAUG, 2015-07-25 03
Miles, MILES, 2015-07-25 03
Philips, PHILS, 2015-07-25 03
NXTBCOINX, NTBCX, 2015-07-25 03
FoldingCoin, FLDC, 2015-02-24 04
AlpsValue, ALPIN, NaN
AMANA, AMANA, NaN
DIRHAM, XMAD, NaN
Canon, CANON, NaN
Volvo, VOLVO, NaN
Voyager, VOYAG, NaN
FXMAY, FXMAY, 2015-05-02 02
Chrome, CHROM, 2015-05-02 02
Algorithm, ALGOR, 2015-05-02 02
Bangalore, BANGA, 2015-05-02 02
Miami, MIAMI, 2015-05-02 02
Bangladesh, BANGL, 2015-05-02 02
Bangkok, BANGK, 2015-05-02 02
VocalCoin, VOCAL, 2014-11-17 11
FADEA, FADEA, 2014-11-17 11
INFX, INFX, 2015-10-08 15
IELTS, IELTS, 2015-10-08 15
Heidelberg, HEIDE, 2015-10-08 15
RDN, RDN, 2015-05-28 19
KNIFE, KNIFE, 2015-05-28 19
Blackberry, BLKBR, 2015-05-28 19
FABIOcoin, FABIO, 2015-05-28 19
DarkSend, DARKS, 2015-05-28 19
SMLY, SMLY, 2014-12-16 16
DarkWeb, DARKW, 2014-12-16 16
LEO, LEO, 2015-03-26 19
Laughcoin, LAUGH, 2015-03-26 19
DarkNet, DARKN, 2015-03-26 19
DarkCoin, DARKC, 2015-03-26 19
XCPHEDGE, XCPHEDGE, 2014-10-31 17
Square, SQUAR, 2014-10-31 17
USA, USA, 2014-10-31 17
Morpheus, MORPH, 2014-10-31 17
WorldTradeFunds, XWT, 2014-12-09 02
Repay, REPAY, 2014-12-09 02
SeedCoin, SEED, 2014-10-05 18
Kryptonite, KRYP, 2014-11-20 17
Xianyang, XIANY, 2014-11-20 17
WhiteCoin, XWC, 2015-01-22 20
NITRO, NITRO, 2015-01-22 20
eDOGECOIN, EDOGE, 2015-01-22 20
Coffee, COFFE, 2015-01-22 20
Prime-XI, PXI, 2014-11-28 01
Nanite, XNAN, 2014-11-07 05
Singapore, SGD, 2014-11-07 05
Bhutan, BHUTA, 2014-11-07 05
Starfleet, STARF, 2014-11-07 05
Starbucks, STARB, 2014-11-07 05
THERE, THERE, 2014-11-07 05
ORAproject, XORA, 2015-06-18 08
Perks, PERKS, 2015-06-18 08
Stars, STARS, 2015-06-18 08
Coino, CNO, 2014-10-01 05
clubnxtlot, CNLOT, 2014-10-01 05
TrinaryPro, TPROC, 2014-10-01 05
ProfitCoin, PFC, 2014-11-17 11
SoccerCoin, SOCER, 2014-11-17 11
Sydney, SYDNE, 2014-11-17 11
IndyCoin, INDY, 2015-06-08 14
Francs, FRNCS, 2015-06-08 14
Manhattan, MANHA, 2015-06-08 14
Vader, VADER, 2015-06-08 14
Aegis, AEGIS, 2015-06-08 14
Chile, CHILE, 2015-06-08 14
X-Children, CHILD, 2015-01-29 09
CalTech, CALTE, 2015-01-29 09
Alpha, ALPHA, 2015-01-29 09
Alphabet, ALPHB, 2015-01-29 09
France, FRNCE, 2015-01-29 09
Davao, DAVAO, 2015-01-29 09
Fantasy, FANSY, 2015-01-29 09
Chillcoin, CHILL, 2015-01-29 09
AMIGO, AMIGO, 2015-01-29 09
Second, SECND, 2015-01-29 09
SVJUL, SVJUL, 2015-06-25 06
Brooklyn, BKLYN, 2015-06-25 06
Theta, THETA, 2015-06-25 06
Shopping, SHOPP, 2015-06-25 06
GAIACoin, GAIA, 2014-12-24 13
Afric, AFRIC, 2014-12-24 13
Helpcoin, HLPCN, 2014-12-24 13
DODGE, DODGE, 2014-12-24 13
WOMAN, WOMAN, 2014-12-24 13
Krone, KRONE, 2014-12-24 13
BONDS, BONDS, 2014-12-24 13
Merit, MERIT, 2014-12-24 13
TIBCO, TIBCO, 2014-12-24 13
NxtAcademy, ACDMY, 2014-12-24 13
medal, MEDAL, 2014-12-24 13
Holograph, HOLOG, 2014-12-24 13
PokerStars, PSTAR, 2014-12-24 13
ForumCoins, FORUM, 2014-12-24 13
Netherland, NETHE, 2014-12-24 13
Primo, PRIMO, 2014-12-24 13
GIZ, GIZ, NaN
GigaCoin, GIG, 2015-04-15 10
ECOIN, ECOIN, 2015-04-15 10
Hansecoin, HANSE, 2015-04-15 10
SHARP, SHARP, NaN
Sonar, SONAR, NaN
AMAZON, AMZN, NaN
Serbia, SERBI, NaN
Booty, BOOTY, NaN
Document, DOCMT, NaN
House, HOUSE, NaN
Shanghai, SHANG, NaN
Sofia, SOFIA, NaN
PowerRange, PRANG, NaN
Houston, HOUST, NaN
Shantou, SHANT, NaN
LOOT, LOOT, NaN
RiceCoin, RICE, 2015-01-29 11
Great, GREAT, 2015-01-29 11
Hanoi, HANOI, 2015-01-29 11
Lucky, LUCKY, 2015-01-29 11
Juggle, JUGGL, 2015-01-29 11
VendyCoin, VENDY, 2015-01-29 11
LOCKS, LOCKS, 2015-01-29 11
Penny, PENNY, 2015-01-29 11
SPORT, SPORT, 2015-01-29 11
LasVegas, LVEGA, 2015-01-29 11
Quack, QUACK, 2015-01-29 11
Rugby, RUGBY, 2015-01-29 11
Bitcoins, BTCXX, 2015-01-29 11
LoanCoins, LOAN, 2015-01-29 11
BLADE, BLADE, 2015-01-29 11
Ripple, RIPPL, 2015-01-29 11
SURYA, SURYA, 2015-01-29 11
CrackCoin, CRACK, 2014-10-19 22
SPRTS, SPRTS, 2015-08-13 22
Bladecoin, BLA, 2014-10-27 21
Agreement, AGREE, 2015-02-18 05
Buck, BUCK, 2015-02-18 05
YAHOO, YAHOO, 2015-02-18 05
Magnet, MAGNE, 2015-02-18 05
BRASS, BRASS, 2015-02-18 05
Magnum, MAGNM, 2015-02-18 05
Comicbook, CBOOK, 2015-02-18 05
College, COLLE, 2015-02-18 05
Liang, LIANG, 2015-02-18 05
BLITZ, BLITZ, 2015-04-22 19
REP, REP, 2015-10-13 12
Hologram, HGRAM, 2015-10-13 12
Disney, DISNY, 2015-10-13 12
FCS, FCS, 2015-05-08 14
nPlatinum, NPLAT, 2015-05-08 14
LFO, LFO, 2015-07-07 00
Knight, KNIGH, 2015-07-07 00
Clubs, CLUBS, 2015-07-07 00
Advertise, ADVER, 2015-07-07 00
SVMAY, SVMAY, 2015-05-02 15
Fire-Ice, FICE, 2014-11-28 18
XCPOAZT, XCPOAZT, 2015-03-31 13
SAfrica, SAFRI, 2015-03-31 13
flare, FLARE, 2015-03-31 13
Funkycoin, FUNKY, 2015-03-31 13
Satan, SATAN, 2015-03-31 13
Teams, TEAMS, 2015-03-31 13
Currency, CURRY, 2015-03-31 13
SanJose, SANJO, 2015-03-31 13
Cracker, CRAKR, 2015-03-31 13
Pussy, PUSSY, 2015-03-31 13
FreqFlyer, FLYER, 2015-03-31 13
Project13, PXIII, 2015-03-31 13
Stash, STASH, 2015-03-31 13
XCO, XCO, 2015-05-05 20
Drone, DRONE, 2015-05-05 20
DRAFTCOIN, DRAFT, 2015-05-05 20
Anime, ANIME, 2015-05-05 20
Twttr, TWTTR, 2015-05-05 20
Wales, WALES, 2015-05-05 20
HAIER, HAIER, 2015-05-05 20
CAD, CAD, 2015-04-02 18
ZZZZZ, ZZZZZ, 2015-04-02 18
Telecom, TELCO, 2015-04-02 18
KickAss, KICKA, 2015-04-02 18
Drink, DRINK, 2015-04-02 18
ASIA, ASIA, 2015-04-02 18
Cypher, CYPHR, 2015-04-02 18
PAPER, PAPER, 2015-04-02 18
Blood, BLOOD, 2015-04-02 18
Finland, FINLA, 2015-04-02 18
Sixty, SIXTY, 2015-04-02 18
AIB, AIB, 2015-04-27 03
spaincoin, SPAIN, 2015-04-27 03
STAKE, STAKE, 2015-04-27 03
Zerocoin, ZEROC, 2015-04-27 03
Cable, CABLE, 2015-04-27 03
Freedom, LIBER, 2015-04-27 03
STUDY, STUDY, 2015-04-27 03
BanxShares, BANXS, 2015-04-27 03
pearl, PEARL, 2015-04-27 03
OTHER, OTHER, 2015-04-27 03
ZRC, ZRC, 2015-03-12 07
SMOKE, SMOKE, 2015-03-12 07
JAPAN, JAPAN, 2015-03-12 07
CoinJoin, CJOIN, 2015-03-12 07
Ghana, GHANA, 2015-03-12 07
Ingot, INGOT, 2015-03-12 07
Noodl, NOODL, 2015-03-12 07
NIKE, NIKE, 2015-03-12 07
Wuhan, WUHAN, 2015-03-12 07
Dollars, DOLAR, 2015-03-12 07
FortWorth, FORTW, 2015-03-12 07
Kauai, KAUAI, 2015-03-12 07
Gigahashes, GHS, 2014-12-09 17
GasCoin, GAS, 2015-02-14 20
WhistleCoin, WSTL, 2014-10-08 01
MidasCoin, MID, 2014-10-01 02
Aloha, ALOHA, 2014-10-01 02
Flattr, FLTTR, 2014-10-01 02
BitZeny, ZNY, 2014-11-20 17
Audio, AUDIO, 2014-11-20 17
Promo, PROMO, 2014-11-20 17
Pluto, PLUTO, 2014-11-20 17
Spydr, SPYDR, 2014-11-20 17
Promote, PROMT, 2014-11-20 17
Busan, BUSAN, 2014-11-20 17
BigBang, BBANG, 2014-11-20 17
TOTAL, TOTAL, 2014-11-20 17
Check, CHECK, 2014-11-20 17
Billion, BILLI, 2014-11-20 17
Raffle, RAFFL, 2014-11-20 17
Empire, EMPIR, 2014-11-20 17
URC, URC, 2015-04-09 15
Sudan, SUDAN, 2015-04-09 15
Cellphone, CELLP, 2015-04-09 15
bcoin, BCOIN, 2015-04-09 15
Lunar, LUNAR, 2015-04-09 15
Contract, CONTR, 2015-04-09 15
Bills, BILLS, 2015-04-09 15
Relaxcoin, RELAX, 2015-04-09 15
DOGEBLACK, DOGEBC, 2014-10-23 06
Killzone, KILLZ, 2014-10-23 06
Astro, ASTRO, 2014-10-23 06
BOOKS, BOOKS, 2014-10-23 06
Suzhou, SUZHO, 2014-10-23 06
APESO, APESO, 2014-10-23 06
XLM, XLM, 2015-11-18 04
Phantom, PHANT, 2015-11-18 04
CoinWorksCoin, LAB, NaN
Belgium, BELGI, NaN
SuperComp, SCOMP, NaN
Ludiccoin, LUDIC, NaN
Fiber, FIBER, NaN
BuenosAire, BUENO, NaN
Chain, CHAIN, NaN
LUDIK, LUDIK, NaN
PHONE, PHONE, NaN
TESTINGCOI, TESTC, NaN
TestMark, TESTM, NaN
Karachi, KARAC, NaN
Third, THIRD, NaN
INDBT, INDBT, 2015-03-08 19
NewYork, NEWYK, 2015-03-08 19
NuBit, NUBIT, 2015-03-08 19
Karat, KARAT, 2015-03-08 19
USdollar, USDXX, 2015-03-08 19
ATARI, ATARI, 2015-03-08 19
SHI, SHI, 2015-01-23 01
Post, POST, 2015-01-23 01
ZigBee, ZIGBE, 2015-01-23 01
Krypt, KRYPT, 2015-01-23 01
LAMBO, LAMBO, 2015-01-23 01
PULSE, PULSE, 2015-01-23 01
London, LONDN, 2015-01-23 01
NASA, NASA, 2015-01-23 01
MGW, MGW, 2014-10-07 18
Magnetz, MGT, 2015-02-02 23
Circle, CIRCL, 2015-02-02 23
LUX, LUX, 2015-05-19 14
Tetra, TETRA, 2015-05-19 14
Diode, DIODE, 2015-05-19 14
IDEA, IDEA, 2015-05-19 14
SPHR, SPHR, 2015-05-01 21
OCTO, OCTO, 2015-04-02 03
Tetris, TETRS, 2015-04-02 03
Xboxx, XBOXX, 2015-04-02 03
NXTMetalAu, NMAUA, 2015-04-02 03
TENNET, TENNET, 2015-08-04 23
Hotel, HOTEL, 2015-08-04 23
QTZ, QTZ, 2015-04-26 19
BitBean, BITB, 2015-02-18 20
Boeing, BOEIN, 2015-02-18 20
Chemnitz, CHMNZ, 2015-02-18 20
Secret, SECRT, 2015-02-18 20
ASIAN, ASIAN, 2015-02-18 20
Qcoin, QCOIN, 2015-02-18 20
Chongqing, CHONG, 2015-02-18 20
BITZ, BITZ, 2015-03-22 01
Vista, VISTA, 2015-03-22 01
Answer, ANSWR, 2015-03-22 01
SilkRoad, SILKR, 2015-03-22 01
XG, XG, 2014-10-01 07
vTorrent, VTR, 2015-02-24 22
Berry, BERRY, 2015-02-24 22
Landcoin, LND, 2015-02-24 22
Ducat, DUCAT, 2015-02-24 22
Shekel, SHEKE, 2015-02-24 22
Match, MATCH, 2015-02-24 22
Nickel, NICKE, 2015-02-24 22
Privacy, PRVCY, 2015-02-24 22
XSEED, XSEED, 2015-04-19 16
Brussels, BRUSS, 2015-04-19 16
CRAVE, CRAVE, NaN
AAAAA, AAAAA, NaN
BTCARace2, IOOIO, 2015-03-27 10
AAAAB, AAAAB, 2015-03-27 10
quantum, QNTUM, 2015-03-27 10
Bluetooth, BLUET, 2015-03-27 10
lcoin, LCOIN, 2015-03-27 10
Spice, SPICE, 2015-03-27 10
Raha, RAHA, 2015-03-27 10
GLIDE, GLIDE, 2015-05-16 14
HRYVNIA, HRYVN, 2015-05-16 14
ROCKS, ROCKS, 2015-05-16 14
Films, FILMS, 2015-05-16 14
PrismCoin, PRISM, 2015-05-16 14
Bliss, BLISS, 2015-05-16 14
Hoard, HOARD, 2015-05-16 14
nuomi, NUOMI, 2015-05-16 14
UseCryptos Share, UCS, 2014-10-17 07
DMark, DMARK, 2014-10-17 07
TWLV, TWLV, 2015-06-05 22
yunbi, YUNBI, 2015-06-05 22
mayun, MAYUN, 2015-06-05 22
DOLLS, DOLLS, 2015-06-05 22
Class, CLASS, 2015-06-05 22
UciCoin, UCI, 2015-04-23 10
Node, NODE, 2014-10-01 00
StorjcoinX, STORX, 2014-10-01 00
RabbitCoin, RBT, 2015-03-16 19
Maieuticoin, M, 2014-10-16 16
RibbitRewards, RBR, 2015-09-11 10
Molecule, MOLEC, 2015-09-11 10
ScotsPence, PENCE, 2015-09-11 10
UBERX, UBERX, 2015-09-11 10
BEAN, BEAN, 2015-02-15 23
BITCH, BITCH, 2015-02-15 23
STORM, STORM, 2015-02-15 23
Storage, STORG, 2015-02-15 23
CONIO, CONIO, 2015-02-15 23
StoreCoins, STORE, 2015-02-15 23
LeetCoin, LEET, 2015-02-15 23
WISH, WISH, 2015-02-15 23
Watch, WATCH, 2015-02-15 23
Aquaman, AQUAM, 2015-02-15 23
ECHIP, ECHIP, 2015-02-15 23
Safari, SAFAR, 2015-02-15 23
Wages, WAGES, 2015-02-15 23
Wager, WAGER, 2015-02-15 23
Poland, POLAN, 2015-02-15 23
glycoin, GLYCO, 2015-08-20 03
SpiderMan, SPDRM, 2015-08-20 03
asset, ASSET, 2015-08-20 03
PilaCoin, PILAC, 2015-08-20 03
NYPD, NYPD, 2015-08-20 03
FXAUG, FXAUG, 2015-07-25 03
CeBIT, CEBIT, 2015-07-25 03
Message, MESSG, 2015-07-25 03
ALIEN, ALIEN, 2015-07-25 03
Geico, GEICO, 2015-07-25 03
Yoshi, YOSHI, 2015-07-25 03
Chance, CHANC, 2015-07-25 03
Argentina, ARGEN, 2015-07-25 03
IRAN, IRAN, 2015-07-25 03
AEIOU, AEIOU, NaN
Trove, TROVE, NaN
DOLLR, DOLLR, NaN
DASH, DASH, 2015-03-25 07
IRAQ, IRAQ, 2015-03-25 07
SALON, SALON, 2015-03-25 07
Hyderabad, HYDER, 2015-03-25 07
JoinMarket, JOINM, 2015-03-25 07
TernaryCom, TERNC, 2015-03-25 07
Clone, CLONE, 2015-03-25 07
Ternary, TERNA, 2015-03-25 07
Award, AWARD, 2015-03-25 07
Joint, JOINT, 2015-03-25 07
Rogue, ROGUE, 2015-03-25 07
Wearable, WEARA, 2015-03-25 07
TernaryPro, TERNP, 2015-03-25 07
CHESS, CHESS, 2015-03-25 07
GUESS, GUESS, 2015-03-25 07
SHORT, SHORT, 2015-03-25 07
Group, GROUP, 2015-03-25 07
PORNcoin, PORN, 2015-03-25 07
Alberta, ALBER, 2015-03-25 07
CURA, CURA, 2015-03-25 07
Emerald, EMRLD, 2015-03-25 07
Grain, GRAIN, 2015-03-25 07
SKB, SKB, 2015-05-26 21
Korea, KOREA, 2015-05-26 21
EDINBURGH, EDINB, 2015-05-26 21
Erzgebirge, ERZGB, 2015-05-26 21
GrandTheft, GTAUT, 2015-05-26 21
Service, SERVC, 2015-05-26 21
XCPBXSX, XCPBXSX, 2015-01-21 19
DOBIS, DOBIS, NaN
Yangon, YANGO, NaN
VIDEO, VIDEO, NaN
DIATE, DIATE, NaN
SicBoCoins, SICBO, NaN
GEO, GEO, 2015-06-03 03
GEN, GEN, 2015-06-10 22
Messenger, MSNGR, 2015-06-10 22
Taler, TALER, 2015-06-10 22
MASON, MASON, 2015-06-10 22
DGMS, DGMS, 2015-01-06 16
Remit, REMIT, 2015-01-06 16
LIMA, LIMA, 2015-01-06 16
Minor, MINOR, 2015-01-06 16
IOOII, IOOII, 2015-02-28 07
AdCoin, ADCOI, 2015-02-28 07
BITCNY, BITCNY, 2015-06-05 22
Lahore, LAHOR, 2015-06-05 22
SaoPaulo, SAOPA, 2015-06-05 22
Bentley, BENTL, 2015-06-05 22
Nxttycoin, NMAC, 2015-06-05 22
qubit, QUBIT, 2015-06-05 22
OptimumCoin, OPTI, 2014-12-20 09
APPLE, APPLE, 2014-12-20 09
Hummer, HUMER, 2014-12-20 09
Snapcash, SNAPC, 2014-12-20 09
Zynga, ZYNGA, 2014-12-20 09
PimpCash, PIMP, 2014-12-30 02
Phase, PHASE, 2014-12-30 02
Aplication, APPLY, 2014-12-30 02
Simpsons, SIMPS, 2014-12-30 02
Quake, QUAKE, 2014-12-30 02
BaliCoins, BALI, 2014-12-30 02
Magi, XMG, 2014-12-06 20
Cover, COVER, 2014-12-06 20
Chevy, CHEVY, 2014-12-06 20
PaisaNepal, PAISA, 2014-12-06 20
XCP-SMALLBIT, XCPSBT, 2015-02-19 02
SLIPFETE, SLIP, 2015-02-19 02
TopCoinV2, TOPV2, 2014-10-04 19
XMS, XMS, NaN
CompSci, COMPS, NaN
Compute, COMPT, NaN
Computer, COMPU, NaN
WBB, WBB, 2015-04-15 01
Barcelona, BARCE, 2015-04-15 01
QuantumDot, QTDOT, 2015-04-15 01
BARCA, BARCA, 2015-04-15 01
Ideal, IDEAL, 2015-04-15 01
BTMAY, BTMAY, 2015-05-04 01
Shuffle, SHUF, 2015-05-04 01
Dusseldorf, DUSSE, 2015-05-04 01
Thailand, THAIL, 2015-05-04 01
Trekkie, TREKK, 2015-05-04 01
Swisscoin, SWISS, 2015-05-04 01
Magazine, MAGAZ, 2015-05-04 01
CryptoBancor, CBR, 2015-02-25 02
iTunes, ITUNE, 2015-02-25 02
Saffron, SAFFR, 2015-02-25 02
GANDI, GANDI, 2015-02-25 02
Melbourne, MELBO, 2015-02-25 02
GOOG, GOOG, 2015-02-25 02
STYLE, STYLE, 2015-02-25 02
Export, EXPOR, 2015-02-25 02
Stamp, STAMP, 2015-02-25 02
Zelda, ZELDA, 2015-02-25 02
Football, FOOTB, 2015-02-25 02
007, 007, 2015-05-24 18
NORTH, NORTH, 2015-05-24 18
WHITE, WHITE, 2015-05-24 18
Crypto Bullion, CBX, 2015-02-11 15
Plant, PLANT, 2015-02-11 15
NxttyCoin, NXTTY, 2014-10-01 00
CYT, CYT, 2015-10-08 07
Linux, LINUX, 2015-10-08 07
Whale, WHALE, 2015-10-08 07
Oceancoin, OCEAN, 2015-10-08 07
FBaseball, FBASE, 2015-10-08 07
Arrow, ARROW, 2015-10-08 07
Motorola, MOTRL, 2015-10-08 07
Three, THREE, 2015-10-08 07
FBasketbal, FBASK, 2015-10-08 07
DARK, DARK, 2015-10-08 07
Cryptocoin Inc. Shares, CCI, 2014-10-01 22
Ordercoin, ORDER, 2014-10-01 22
CCC, CCC, 2015-05-18 03
Tampa, TAMPA, 2015-05-18 03
POKER, POKER, 2015-05-18 03
ReXistance, REXIS, 2015-05-18 03
Scion, SCION, 2015-05-18 03
Pokemon, POKEM, 2015-05-18 03
Terminator, TERMI, 2015-05-18 03
PORTO, PORTO, 2015-05-18 03
CWorkCoin, CWORK, 2015-05-18 03
SVAPR, SVAPR, 2015-03-27 01
FamilyGuy, FMGUY, 2015-03-27 01
P7C, P7C, 2015-05-04 11
Hockey, HOCKY, 2015-05-04 11
Portugal, PORTU, 2015-05-04 11
RURNXT, RURNX, 2015-05-04 11
OK, OK, NaN
ServX, XSX, 2014-10-10 15
UNLSH, UNLSH, 2014-10-10 15
WorldCup, WDCUP, 2014-10-10 15
UNLSD, UNLSD, 2014-10-10 15
XmenX, XMENX, 2014-10-10 15
NTRN, NTRN, 2015-06-04 16
ABOUT, ABOUT, 2015-06-04 16
Armor, ARMOR, 2015-06-04 16
Princeton, PRINC, 2015-06-04 16
NxtShop, SHOPS, 2015-06-04 16
Print, PRINT, 2015-06-04 16
EMPTY, EMPTY, 2015-06-04 16
happiness, HAPPY, 2015-06-04 16
TREESHARE, TRESX, 2015-03-15 21
ONIDA, ONIDA, 2015-03-15 21
FIATX, FIATX, 2015-06-25 05
CaptKirk, CKIRK, 2015-06-25 05
ncoin, NCOIN, 2015-06-25 05
AMP, AMP, 2015-11-04 20
AMS, AMS, 2015-11-25 21
GIMPcoin, GIMP, NaN
Processor, PROCS, NaN
TOKIO, TOKIO, NaN
STORV, STORV, NaN
Kabul, KABUL, NaN
EURNXT, EURNX, NaN
Legal, LEGAL, NaN
PonziWeek, PONZW, NaN
SYRIA, SYRIA, NaN
Mystery, MYSTR, NaN
BAIDU, BAIDU, NaN
LIVRE, LIVRE, NaN
GiftCoins, GIFT, NaN
UTLE, UTLE, 2015-05-06 04
StorjCoins, STORJ, 2015-05-06 04
EGOLD, EGOLD, 2015-02-07 13
KenoCoins, KENO, 2015-02-07 13
INVAP, INVAP, 2015-02-07 13
XCP-SCOTCOIN, XCPSCO, 2014-11-18 23
Vixen, VIXEN, 2014-11-18 23
NEM, NEM, 2015-05-11 17
Munich, MUNIC, 2015-05-11 17
DrWho, DRWHO, 2015-05-11 17
Achilles, ACH, 2014-10-19 11
FUCKS, FUCKS, 2014-10-19 11
XNA, XNA, 2015-05-24 09
ACP, ACP, 2015-05-01 21
Hollywood, HOLLY, 2015-05-01 21
NEU, NEU, 2015-09-25 11
BUDS, BUDS, 2015-09-25 11
mHash, MHASH, 2015-09-25 11
Zoosk, ZOOSK, 2015-09-25 11
SUNNY, SUNNY, 2015-09-25 11
NEWEURO, NEWEU, 2015-09-25 11
BKS, BKS, 2015-09-08 17
Catch, CATCH, 2015-09-08 17
EARTH, EARTH, 2015-09-08 17
Lumus, LUMUS, 2015-09-08 17
wuyun, WUYUN, 2015-09-08 17
Yacht, YACHT, 2015-09-08 17
AOOIO, AOOIO, 2015-05-28 12
AOOII, AOOII, 2015-05-28 12
ACHK, ACHK, NaN
ebay, EBAY, NaN
CREVA, CREVA, 2015-06-07 12
Wings, WINGS, 2015-06-07 12
Bible, BIBLE, 2015-06-07 12
LAARI, LAARI, 2015-06-07 12
LUIGI, LUIGI, 2015-06-07 12
REXIO, REXIO, 2015-06-07 12
Rolex, ROLEX, 2015-06-07 12
Renminbi, RENMI, 2015-06-07 12
Xgame, XGAME, 2015-06-07 12
Mexico, MEXIC, 2015-06-07 12
eMark, EMARK, 2015-06-07 12
Guangzhou, GUANG, 2015-06-07 12
MacauCoins, MACAU, 2015-06-07 12
LandcoT, LNDTE, 2015-06-07 12
TB, TB, 2015-05-18 08
Macallan, MACAL, 2015-05-18 08
VespaCoin, VESPA, 2015-05-18 08
Spliff, SPLIF, 2015-05-18 08
DailyBeast, DBEST, 2015-05-18 08
AeroME, AM, 2014-12-05 05
FHockey, FHOCK, 2014-12-05 05
TNZ, TNZ, 2014-10-01 15
TNG, TNG, 2015-05-25 21
AurumCoin, AU, 2014-10-07 05
Split, SPLIT, 2014-10-07 05
HAITI, HAITI, 2014-10-07 05
Seven, SEVEN, 2014-10-07 05
BitShares, BITSH, 2014-10-07 05
Elvis, ELVIS, 2014-10-07 05
ARIKA, ARIKA, 2014-10-07 05
NakamotoDark, NKT, 2015-09-25 02
Tattoo, TATTO, 2015-09-25 02
Paypal, CISPA, 2015-09-25 02
Military, MILIT, 2015-09-25 02
HoChiMin, HOCHI, 2015-09-25 02
RedOakCoin, ROC, 2014-10-01 04
Funny, FUNNY, 2014-10-01 04
Random, RANDO, 2014-10-01 04
PORNO, PORNO, 2014-10-01 04
CoinShuffl, CSHUF, 2014-10-01 04
BITGLD, BITGLD, 2015-02-05 21
CPT, CPT, 2014-10-01 21
BUDDA, BUDDA, 2014-10-01 21
DRKT, DRKT, 2015-06-13 17
Istanbul, ISTAN, 2015-06-13 17
Odessa, ODESS, 2015-06-13 17
B1BL3Coin, B1BL3, 2014-11-09 17
Mario, MARIO, 2014-11-09 17
Marijuana, MARIJ, 2014-11-09 17
ODESK, ODESK, 2014-11-09 17
RioJaneiro, RIODE, 2014-11-09 17
ePayz, EPAYZ, 2014-11-09 17
FetishCoin, FETISH, 2014-11-21 20
Heineken, HEINE, 2014-11-21 20
VOYA, VOYA, 2015-03-31 01
Bogota, BOGOT, 2015-03-31 01
Trial02, OOOOX, 2015-06-10 03
Peach, PEACH, 2015-06-10 03
Banka, BANKA, 2015-06-10 03
PEACE, PEACE, 2015-06-10 03
OOOOI, OOOOI, 2015-02-12 23
HZT, HZT, NaN
Gamecurren, GCURR, NaN
Pesos, PESOS, NaN
BANKS, BANKS, NaN
Token, DREAM, NaN
Harvard, HRVRD, NaN
KINKY, KINKY, NaN
PHOTO, PHOTO, NaN
Ruble, RUBLE, NaN
LosAngeles, LOSAN, NaN
DenHaag, DHAAG, NaN
gizmo, GIZMO, NaN
Euros, EUROS, NaN
Canada, CANAD, NaN
MOVIE, MOVIE, NaN
Nagoya, NAGOY, NaN
DOLLA, DOLLA, NaN
BIXEE, BIXEE, NaN
EBOLA, EBOLA, NaN
SEXY, SEXY, NaN
Honor, HONOR, NaN
Gamma, GAMMA, NaN
DraTourism, DTT, NaN
DOUGH, DOUGH, NaN
RodeoDrive, RODEO, NaN
XDATA, XDATA, NaN
NetRuble, NTRUB, NaN
Cambridge, CAMBR, NaN
Drupal, RUPAL, NaN
wandou, WANDO, NaN
IMACredit, IMAC, 2014-10-01 05
Ferro, FERRO, 2014-10-01 05
Milano, MLANO, 2014-10-01 05
SCARH, SCARH, 2014-10-01 05
Encryption, ENCRP, 2014-10-01 05
Extra, EXTRA, 2014-10-01 05
NxtSecure, SCURE, 2014-10-01 05
Encrypt, ENCRY, 2014-10-01 05
STEVE, STEVE, 2014-10-01 05
KoboCoin, KOBO, NaN
BlackWidow, BWIDO, NaN
Videogame, VGAME, NaN
Social, SOCIA, NaN
NewYorkCty, NYORK, NaN
gcoin, GCOIN, NaN
TrinaryCom, TCOMP, NaN
iPhone, IPHON, NaN
NASDAQ, NASDA, NaN
Audi, AUDI, NaN
heart, HEART, NaN
Windows, WINDO, NaN
point, POINT, NaN
DRUGS, DRUGS, NaN
Points, POINZ, NaN
MAZDA, MAZDA, NaN
EndGame, ENDGA, NaN
Wordpress, WORDP, NaN
BITEUR, BITEUR, 2015-06-02 06
GLASSYNERG, GLSYN, 2015-06-02 06
Russia, RUSSI, 2015-06-02 06
Omega, OMEGA, 2015-06-02 06
WOMEN, WOMEN, 2015-06-02 06
Album, ALBUM, 2015-06-02 06
Burgercoin, BURGR, 2015-06-02 06
XNEM, XNEM, 2015-06-02 06
AWE, AWE, 2015-07-29 18
Euro, EURO, 2015-07-29 18
Lyth, LYTH, 2015-07-29 18
Alipaycoin, ALI, NaN
Queen, QUEEN, NaN
Mark, MARK, NaN
Rubles, RUBLS, NaN
RADIO, RADIO, NaN
Reddit, REDDI, NaN
LATINO, LATNO, NaN
Truck, TRUCK, NaN
Rotterdam, ROTTE, NaN
HIPHOP, HPHOP, NaN
Atlanta, ATLAN, NaN
tudou, TUDOU, NaN
SOIL, SOIL, 2015-10-24 01
INFIN, INFIN, 2015-02-26 15
greek, GREEK, 2015-02-26 15
GREEN, GREEN, 2015-02-26 15
Ermiscoin, ERM, 2014-12-04 13
Greece, GREEC, 2014-12-04 13
Afri, AFRI, 2014-12-04 13
Afro, AFRO, 2014-12-04 13
RasPi, RASPI, 2014-12-04 13
Greed, GREED, 2014-12-04 13
Spielcoin, SPIEL, 2014-12-04 13
dinar, DINAR, 2014-12-04 13
Trend, TREND, 2014-12-04 13
IMAGEcoin, IMAGE, 2014-12-04 13
Bulls, BULLS, 2014-12-04 13
MYBTC, MYBTC, 2014-12-04 13
Shenyang, SHENY, 2014-12-04 13
Shenzhen, SHENZ, 2014-12-04 13
WuTangCoin, WTANG, 2014-12-04 13
NobleNXT, NOXT, 2014-12-04 05
Property, PROPE, 2014-12-04 05
FIXMECOIN, FIXME, 2014-12-04 05
Scores, SCORS, 2014-12-04 05
Ireland, IRELA, 2014-12-04 05
HUGE, HUGE, 2015-04-23 16
STLNX, STLNX, 2015-04-23 16
Banx shares, BANX, 2014-11-24 13
SCORE, SCORE, 2014-11-24 13
Online, ONLIN, 2014-11-24 13
Technology, TECHN, 2014-11-24 13
HGC, HGC, 2015-03-09 00
LFTCCoin, LFTC, 2015-02-03 08
Voxels, VOX, 2015-02-03 08
JINN, JINN, 2015-02-03 08
SkyDrive, SKYDR, 2015-02-03 08
Twimt, TWIMT, 2015-02-03 08
Africa, AFRCA, 2015-02-03 08
Pinoy, PINOY, 2015-02-03 08
TAXI, TAXI, 2015-02-03 08
GOOGLECOIN, GOOGL, 2015-02-03 08
Rand, RAND, 2015-02-03 08
GDAUG, GDAUG, 2015-07-25 03
Google, GOOGE, 2015-07-25 03
Taint, TAINT, 2015-07-25 03
Surabaya, SURAB, 2015-07-25 03
ARAB, ARAB, 2015-07-25 03
GoogleX, GOOGX, 2015-07-25 03
ARUBA, ARUBA, 2015-07-25 03
Truth, TRUTH, 2015-07-25 03
DUTCH, DUTCH, 2015-07-25 03
Surat, SURAT, 2015-07-25 03
Exercise, FAVOR, 2015-07-25 03
EGG, EGG, 2015-04-10 20
Germany, GERMA, 2015-04-10 20
Firefox, FIREF, 2015-04-10 20
Zerocash, ZCASH, 2015-04-10 20
ImperiumCoin, IMPC, 2014-11-21 16
GRCX, GRCX, NaN
Firewall, FIREW, NaN
Philadelph, PHILA, NaN
Twenty15, 2015, 2015-01-30 17
Amsterdam, AMSTE, 2015-01-30 17
IBALL, IBALL, 2015-01-30 17
Pounds, PONDS, 2015-01-30 17
Copenhagen, COPEN, 2015-01-30 17
Coops, COOPS, 2015-01-30 17
MTest, MTEST, 2015-01-30 17
Tokyo, TOKYO, 2015-01-30 17
R3D, R3D, 2015-08-03 07
Smith, SMITH, 2015-08-03 07
Cross, CROSS, 2015-08-03 07
bolts, BOLTS, 2015-08-03 07
Transform, TRANS, 2015-08-03 07
Stockholm, STOCK, 2015-08-03 07
Links, LINKS, 2015-08-03 07
People, PEOPL, 2015-08-03 07
IPPANCOIN, IPPAN, 2015-08-03 07
Linkedin, LINKD, 2015-08-03 07
eEURO, EEURO, 2015-08-03 07
Gecko, GECKO, 2015-08-03 07
BTAUG, BTAUG, 2015-08-01 12
FISH, FISH, 2015-08-01 12
ORAshuffle, XOS, 2015-07-06 16
BLIND, BLIND, 2015-07-06 16
BLING, BLING, 2015-07-06 16
Egypt, EGYPT, 2015-07-06 16
DarthVader, DARTH, 2015-07-06 16
Malaysia, MALAY, 2015-07-06 16
Mojocoin, MOJO, 2015-07-06 16
PKB, PKB, 2015-05-19 22
MMMMM, MMMMM, 2015-05-19 22
BURRITO, BURTO, 2015-02-21 15
Nanotech, NTECH, 2015-02-21 15
Ontario, ONTAR, 2015-02-21 15
Subscribe, SUBSC, 2015-02-21 15
Zurich, ZURIC, 2015-02-21 15
Muzik, MUZIK, 2015-02-21 15
CSA, CSA, 2015-02-21 15
Landco, LNDCO, 2015-02-21 15
DIGS, DIGS, 2015-07-16 06
Stealth, STLTH, 2015-07-16 06
WOC, WOC, 2015-03-22 01
Spawn, SPAWN, 2015-03-22 01
DataBank, DBANK, 2015-03-22 01
TheBigBang, BIGBT, 2015-03-22 01
Cosmic, COSMI, 2015-03-22 01
GheSboro, SBORO, 2015-03-22 01
MIXIT, MIXIT, 2015-03-22 01
COL-21xhipster, COLXHIPS, 2015-01-30 21
MoorCoin, MOOR, 2015-01-30 21
Mixing, MIXIN, 2015-01-30 21
Nanjing, NANJI, 2015-01-30 21
Steel, STEEL, 2015-01-30 21
Trits, TRITS, 2015-01-30 21
COLBRL, COLBRL, 2014-10-17 18
Clock, CLOCK, 2014-10-17 18
NewEarth, NETCU, 2014-10-17 18
Prada, PRADA, 2014-10-17 18
CaptMarvel, CMARV, 2014-10-17 18
MonetaryUnit , MUE, 2015-02-24 22
DEATH, DEATH, 2015-02-24 22
Nairobi, NAIRO, 2015-02-24 22
FAST, FAST, 2015-02-24 22
Trinity, TRINI, 2015-02-24 22
TOSCH, TOSCH, 2015-02-24 22
URANM, URANM, NaN
Manga, MANGA, NaN
Brown, BROWN, NaN
BIOSYNERGY, BISYN, NaN
NYLON, NYLON, NaN
Gambler, GAMBR, NaN
DarkGold, DGD, 2015-01-16 06
STX, STX, 2015-05-13 16
Digital, DIGTL, 2015-05-13 16
LAMPS, LAMPS, 2015-05-13 16
Gamble, GAMBL, 2015-05-13 16
NXTshuffle, MIXUP, 2015-05-13 16
ASN, ASN, 2015-03-14 05
DUB, DUB, 2015-06-28 23
ESilver, SLVER, 2015-06-28 23
IBIZA, IBIZA, 2015-06-28 23
SAHARA, SAHRA, 2015-06-28 23
BLUE, BLUE, 2015-06-28 23
Batman, BATMN, 2015-06-28 23
Ivory, IVORY, 2015-06-28 23
Rambo, RAMBO, 2015-06-28 23
ccoin, CCOIN, 2015-06-28 23
DoedelCoin, DOEDL, 2015-06-28 23
ycoin, YCOIN, 2015-06-28 23
DarkKush, DANK, 2014-12-25 08
Software, SOFTW, 2014-12-25 08
MOBILE, MOBIL, 2014-12-25 08
MCARD, MCARD, 2014-12-25 08
Lemons, LEMON, 2014-12-25 08
SLFI, SLFI, 2015-03-29 23
Android, DROID, 2015-03-29 23
AOIO, AOIO, 2015-05-28 12
EbookCoins, EBOOK, 2015-05-28 12
Harbin, HARBI, 2015-05-28 12
Helmi, HELMI, 2015-05-28 12
BLACK, BLACK, 2015-05-28 12
Helix, HELIX, 2015-05-28 12
Python, PYTHN, 2015-05-28 12
zhihu, ZHIHU, 2015-05-28 12
Warcraft, WARCR, 2015-05-28 12
Gravy, GRAVY, 2015-05-28 12
Dallas, DALLA, 2015-05-28 12
Torch, TORCH, 2015-05-28 12
FastTech, FASTW, 2015-05-28 12
Indexes, INDXS, 2015-05-28 12
Fifty, FIFTY, 2015-05-28 12
NanoWish, NWISH, 2015-08-10 14
USDNXT, USDNX, 2015-08-10 14
Enroll, ENROL, 2015-08-10 14
Grill, GRILL, 2015-08-10 14
Jewel, JEWEL, 2015-08-10 14
THEIR, THEIR, 2015-08-10 14
PVhistoire, PVHIS, 2015-08-10 14
KARMA, KARMA, 2015-08-10 14
Xenon, XENON, 2015-08-10 14
SterlingCoin, SLG, 2014-10-08 08
THINK, THINK, 2014-10-08 08
Right, RIGHT, 2014-10-08 08
Mongolia, MONGO, 2014-10-08 08
REKTcoin, REKT, 2014-11-05 05
TOOLS, TOOLS, 2014-11-05 05
Float, FLOAT, 2014-11-05 05
Geneva, GENEV, 2014-11-05 05
JPY, JPY, 2014-11-05 05
Bengaluru, BENGA, 2014-11-05 05
MangoCoinz, MCZ, 2015-01-14 14
BDSMCoin, BDSM, 2014-11-29 16
ANTHONY, ANTHO, 2014-11-29 16
Antwerp, ANTWE, 2014-11-29 16
Weibo, WEIBO, 2014-11-29 16
VENKO, VENKO, 2014-11-29 16
WANG, WANG, 2014-11-29 16
Gigatron, GIGAS, 2014-11-29 16
Eagscurrency, EAGS, 2015-05-01 06
INTEX, INTEX, 2015-05-01 06
EXP, EXP, 2015-09-17 06
LIQUID, LQD, 2015-02-07 17
Tennis, TENNI, 2015-02-07 17
GlobalBoost-Y, BSTY, 2014-12-06 20
TIPPP, TIPPP, 2014-12-06 20
Smartwatch, SMRTW, 2014-12-06 20
VNL, VNL, 2015-03-28 17
Demon, DEMON, 2015-03-28 17
Global, GLOBA, 2015-03-28 17
Smartphone, SMRTP, 2015-03-28 17
ADDON, ADDON, 2015-03-28 17
GPH, GPH, 2015-05-27 19
SongCoin, SONG, 2014-10-02 18
COULD, COULD, 2014-10-02 18
Doodle, DOODL, 2014-10-02 18
Magik, MAGIK, 2014-10-02 18
REHAB, REHAB, 2014-10-02 18
Burma, BURMA, 2014-10-02 18
ADMT, ADMT, NaN
Sony, SONY, NaN
Deposit, DEPOS, NaN
Linden, LINDE, NaN
CRAZY, CRAZY, NaN
Health, HEALT, NaN
ShawnCoin, SHAWN, NaN
KITTY, KITTY, NaN
Hawaii, HAWAI, NaN
MTR, MTR, NaN
Nord, NORD, NaN
Spoof, SPOOF, NaN
FifaCoins, FIFA, NaN
NuBits2, XNBTX, NaN
PlayStatio, PLAYS, NaN
Player, PLAYR, NaN
LIGHT, LIGHT, NaN
AVAYA, AVAYA, NaN
Players, PLAYE, NaN
GetHigh, GETHI, NaN
Sapphire, SAPPH, NaN
Pentagon, PENTA, NaN
_VIOR, _VIOR, 2014-11-03 21
MALI, MALI, 2014-11-03 21
BitSwift, SWIFT, 2014-11-17 23
gHash, GHASH, 2014-11-17 23
moola, MOOLA, 2014-11-17 23
OFFS, OFFS, 2014-11-17 23
Quarter, QUART, 2014-11-17 23
Metro, METRO, 2014-11-17 23
Switzerlan, SWITZ, 2014-11-17 23
XRA, XRA, 2015-09-11 02
Bahamas, BAHAM, 2015-09-11 02
YouKu, YOUKU, 2015-09-11 02
Libra, LIBRA, 2015-09-11 02
Liberty, LIBRE, 2015-09-11 02
Bricks, BRICK, 2015-09-11 02
LoyaltyPnt, LOYLT, 2015-09-11 02
Universe, UNIVS, 2015-09-11 02
University, UNIVR, 2015-09-11 02
OPT, OPT, 2015-06-08 15
MoorCoins, MOORA, 2015-06-08 15
MoorCoins, MOORC, 2015-02-24 17
Trace, TRACE, 2015-02-24 17
Track, TRACK, 2015-02-24 17
Tmall, TMALL, 2015-02-24 17
Thorumhaim, TORUM, 2015-02-15 20
TRACY, TRACY, 2015-02-15 20
BitTorrent, BTORR, 2015-02-15 20
BingoCoins, BINGO, 2015-02-15 20
Multicoin, MULTI, 2015-02-15 20
Title, TITLE, 2015-02-15 20
ICASH, ICASH, 2015-05-04 06
MewnCoin, MEWN, 2014-12-02 05
SIDHE, SIDHE, 2014-12-02 05
Israel, ISRAE, 2014-12-02 05
Avengers, AVENG, 2014-12-02 05
onion, ONION, 2014-12-02 05
Jordan, JORDA, 2014-12-02 05
LOTUS, LOTUS, 2014-12-02 05
Securitysyscoin, SCSY, 2014-11-25 14
Coinflip, CFLIP, 2014-11-25 14
Dividend, DVDND, 2014-11-25 14
NonProfit, NPROF, 2014-11-25 14
MOTOR, MOTOR, 2014-11-25 14
Detroit, DETRO, 2014-11-25 14
EGMA, EGMA, 2015-04-26 21
PALEO, PALEO, 2015-04-26 21
Lottery, LOTTO, 2015-04-26 21
Stats, STATS, 2015-04-26 21
FADE, FADE, 2015-05-28 14
FreeCoins, FREE, 2015-05-28 14
Market, MARKT, 2015-05-28 14
Blackjack, BLKJK, 2015-05-28 14
FUSE, FUSE, NaN
Beans, BEANS, NaN
Marks, MARKS, NaN
Melon, MELON, NaN
ocoin, OCOIN, NaN
IEC, IEC, 2015-04-23 23
badge, BADGE, 2015-04-23 23
Obscurebay, OBS, NaN
iCoin, ICOIN, NaN
Ucoin, UCOIN, NaN
eJUAN, EJUAN, NaN
Lihue, LIHUE, NaN
nGold, NGOLD, NaN
Sogou, SOGOU, NaN
ccedk, CCEDK, NaN
Visa, VISA, NaN
Abundance, ABC2, 2014-10-08 08
Skoda, SKODA, 2014-10-08 08
JAHWE, JAHWE, 2014-10-08 08
COLPEC, COLPEC, 2015-03-05 15
16BIT, 16BIT, 2015-05-11 23
CMCSA, CMCSA, 2015-05-11 23
LUCK, LUCK, 2015-05-11 23
YUANZ, YUANZ, 2015-05-11 23
Delhi, DELHI, 2015-05-11 23
Yuans, YUANS, 2015-05-11 23
Qatar, QATAR, 2015-05-11 23
Comicbooks, COMBK, 2015-05-11 23
BonusCoin, BOCOI, 2015-07-21 15
McCoy, MCCOY, 2015-07-21 15
Bunnycoin, BUNNY, 2014-10-01 01
INDIA, INDIA, 2014-10-01 01
nSilver, NSILV, 2014-10-01 01
Gapcoin, GAP, 2014-12-02 16
LISBOA, LISBO, 2014-12-02 16
Lisbon, LISBN, 2014-12-02 16
GAM, GAM, 2015-05-06 01
Blogger, BLOGG, 2015-05-06 01
KOPER, KOPER, 2015-05-06 01
MMNXT, MMNXT, 2014-12-17 03
XCPJENGA, XCPJENGA, 2015-02-19 19
SEXXXCOIN, SEXXX, 2015-02-19 19
MALTA, MALTA, 2015-02-19 19
Alias, ALIAS, 2015-02-19 19
Euphoria, EUPH, 2014-12-08 11
Massi, MASSI, 2014-12-08 11
BumbaCoin, BUMBA, 2015-01-20 10
MAPC, MAPC, 2015-09-21 22
TIMMY, TIMMY, 2015-09-21 22
ARB, ARB, 2015-05-19 21
Delta, DELTA, 2015-05-19 21
Aricoin, ARI, 2015-02-18 22
BitMiles, BTMI, NaN
Atsala, ATSAL, NaN
forkk, FORKK, NaN
Sword, SWORD, NaN
GlowShares, GSX, 2014-12-03 19
Backup, BACKU, 2014-12-03 19
DeafDollars, DEAF, 2014-11-21 21
Sooncoin, SOON, 2015-03-20 14
BT, BT, 2015-04-24 20
COLCFS, COLCFS, 2014-12-04 21
Borgcoin, BORG, 2014-10-03 21
Hillot, HILLO, 2014-10-03 21
GSM, GSM, 2015-02-28 10
PIXEL, PIXEL, 2015-02-28 10
Phoenix, PHOEN, 2015-02-28 10
FIVER, FIVER, 2015-02-28 10
mcoin, MCOIN, 2015-02-28 10
Hacker, HACKR, 2015-02-28 10
CBJMS, CBJMS, 2015-02-28 10
Human, HUMAN, 2015-02-28 10
TexasHoldm, TEXHO, 2015-02-28 10
FIRST, FIRST, 2015-02-28 10
Jakarta, JKRTA, 2015-02-28 10
VALVE, VALVE, 2015-02-28 10
BAHT, BAHT, 2015-02-28 10
Clear, CLEAR, 2015-02-28 10
XAU, XAU, 2015-03-13 23
SUPERNET, SPRNT, 2015-03-13 23
Sapience, XAI, 2015-02-19 05
PARTS, PARTS, 2015-02-19 05
COINZ, COINZ, 2015-02-19 05
Pools, POOLS, 2015-02-19 05
PartyCoins, PARTY, 2015-02-19 05
Cisco, CISCO, 2015-02-19 05
SuperBUCKS, BUXXS, 2015-02-19 05
SRANG, SRANG, 2015-02-19 05
TREE, TREE, 2015-02-19 05
Chart, CHART, 2015-02-19 05
XXXXX, XXXXX, 2015-02-19 05
Charity, CHARI, 2015-02-19 05
BTCRS, BTCRS, 2015-02-19 05
Introcoin, INTRO, 2015-02-19 05
Charm, CHARM, 2015-02-19 05
COLZOIDY, COLZOIDY, 2015-01-31 10
BTCRY, BTCRY, 2015-03-25 17
SOUND, SOUND, 2015-03-25 17
Superman, SUPRM, 2015-03-25 17
Humor, HUMOR, 2015-03-25 17
VEGAN, VEGAN, 2015-03-25 17
EBITS, EBITS, 2015-03-25 17
Hertz, HERTZ, 2015-03-25 17
Snowballs, BALLS, 2015-01-29 22
Quicksilvercoin, QSLV, 2014-12-30 16
iCloud, ICLOU, 2014-12-30 16
Memes, MEMES, 2014-12-30 16
KingCoin, KING, 2014-12-15 07
Austria, AUSTR, 2014-12-15 07
PirateBay, TPBAY, 2014-12-15 07
Healthcare, HCARE, 2014-12-15 07
ALLAH, ALLAH, 2014-12-15 07
Tails, TAILS, 2014-12-15 07
ETIPSCOIN, ETIPS, 2014-12-15 07
RosCoin, ROS, 2014-10-03 15
COLKLIPP, COLKLIPP, 2014-10-22 08
8BIT, 8BIT, 2015-04-20 00
Barbecue, BBQCH, 2015-04-20 00
Cornn, CORNN, 2015-04-20 00
Deals, DEALS, 2015-04-20 00
GUCCI, GUCCI, 2015-04-20 00
Candy, CANDY, 2015-04-20 00
CPTCHILL, CPTCH, 2015-04-20 00
Actifs, ACTIF, 2015-04-20 00
Dimes, DIMES, 2015-04-20 00
Reefer, REEFR, 2015-04-20 00
Cobra, COBRA, 2015-04-20 00
Satoshi, SATOS, 2015-04-20 00
MysteryCoin, MYST, NaN
StarWars, STARW, NaN
ATLUS, ATLUS, NaN
Slate, SLATE, NaN
Scanner, SCANN, NaN
PONZI, PONZI, NaN
COL-DilBitcoinCryptoCurrencySeriesA, COLDBC, 2014-12-06 19
Xiaomi, XIAOM, 2014-12-06 19
Modelcoin, MODEL, 2014-12-06 19
SPKTR, SPKTR, 2015-06-26 14
Captain, CAPTA, 2015-06-26 14
Vietnam, VIETN, 2015-06-26 14
PreminePlus, PMP, 2015-04-12 19
Alipay, ALIPY, 2015-04-12 19
FELIXcoin, FELIX, 2015-04-12 19
GRAV, GRAV, 2015-05-04 18
Infinity, INFNY, 2015-05-04 18
GRAM, GRAM, 2015-05-01 18
BOTTLECAPS, BCAPS, 2015-05-01 18
Closure, CLOSE, 2015-05-01 18
Bollywood, BOLLY, 2015-05-01 18
MINE, MINE, 2015-03-14 05
Million, MILLI, 2015-03-14 05
GALLICOIN, GALLI, 2015-03-14 05
BitCoinFast, BCF, 2014-12-09 21
GODADDY, DADDY, 2014-12-09 21
DUFF, DUFF, 2014-12-09 21
Fudcoin, FUD, 2014-12-07 09
Herbs, HERBS, 2014-12-07 09
INCUT, INCUT, 2014-12-07 09
Quezon, QUEZO, 2014-12-07 09
COLBTS, COLBTS, 2014-10-10 15
Ethereum, ETHRM, 2014-10-10 15
Blogs, BLOGS, 2014-10-10 15
Jolla, JOLLA, 2014-10-10 15
DRIVE, DRIVE, 2014-10-10 15
MANAT, MANAT, 2014-10-10 15
Ankara, ANKAR, 2014-10-10 15
Science, SCIEN, 2014-10-10 15
Aflac, AFLAC, 2014-10-10 15
Program, PROGR, 2014-10-10 15
TITAN, TITAN, 2014-10-10 15
Boston, BOSTO, 2014-10-10 15
cfUSD, CFUSD, 2014-10-10 15
XCPEPE, XCPEPE, 2015-02-21 20
Jones, JONES, 2015-02-21 20
PlayCoins, PLAY, 2015-02-21 20
CUBE, CUBE, 2015-11-25 01
SPACE, SPACE, 2015-11-25 01
CocaCola, COKE, 2015-11-25 01
MIXER, MIXER, 2015-11-25 01
Donut, DONUT, 2015-11-25 01
UCoin, U, 2015-03-08 11
FGolf, FGOLF, 2015-03-08 11
Local, LOCAL, 2015-03-08 11
HACEB, HACEB, 2015-03-08 11
ENVY, ENVY, 2014-10-01 03
Venezolana, VNZLA, 2014-10-01 03
DowJones, DOWJS, 2014-10-01 03
GENESIS, XCODE, 2014-10-01 03
Squall Coin, SQL, NaN
Network, NEXUS, NaN
XGOLD, XGOLD, NaN
